,単語,ネガポジ値
0,あがく,-1
1,あきらめる,-1
2,あきる,-1
3,あきれる,-1
4,あきれるた,-1
5,あせる,-1
6,あなどる,-1
7,あやしむ,-1
8,あやぶむ,-1
9,あやまる,-1
10,あらそう,-1
11,あわてる,-1
12,いたたまれない,-1
13,いたむ,-1
14,いつわる,-1
15,いらだたしい,-1
16,いら立つ,-1
17,うつうつ,-1
18,うなだれる,-1
19,うなる,-1
20,うらむ,-1
21,うんざり,-1
22,おちいる,-1
23,おぼれる,-1
24,かさばる,-1
25,かなうない,-1
26,かなしむ,-1
27,がたつく,-1
28,がっくり,-1
29,くさる,-1
30,くずれる,-1
31,くたびれる,-1
32,くやむ,-1
33,くるしむ,-1
34,けだるい,-1
35,こじらせる,-1
36,こそばゆい,-1
37,こたえるられるない,-1
38,こぼす,-1
39,こまる,-1
40,こりる,-1
41,こわされる,-1
42,さじを投げる,-1
43,しかられる,-1
44,しくじる,-1
45,しょぼくれるた,-1
46,しょんぼり,-1
47,しんみり,-1
48,せんない,-1
49,たおれる,-1
50,ためらう,-1
51,だますれる,-1
52,だます,-1
53,だれる,-1
54,ちがう,-1
55,つぶす,-1
56,つぶれる,-1
57,つまずく,-1
58,つらい,-1
59,とがめる,-1
60,なやむ,-1
61,ねじれる,-1
62,のぼせる,-1
63,はげる,-1
64,はずかしい,-1
65,ばつが悪い,-1
66,ひきつる,-1
67,ひっかかる,-1
68,ひもじい,-1
69,びびる,-1
70,ふらつく,-1
71,ぶつかる,-1
72,ぶれる,-1
73,ぼける,-1
74,ぼけるた,-1
75,まごつく,-1
76,むかっと,-1
77,むかつく,-1
78,むせる,-1
79,むせ返る,-1
80,めくられる,-1
81,もたつく,-1
82,もだえる,-1
83,もつれる,-1
84,もてあます,-1
85,やつれる,-1
86,やむない,-1
87,やむをえない,-1
88,ゆがむ,-1
89,ゆきづまる,-1
90,よごす,-1
91,よごれる,-1
92,わすれる,-1
93,ガックリ,-1
94,ストレスがある,-1
95,ツライ,-1
96,ビビる,-1
97,ポシャる,-1
98,阿鼻叫喚だ,-1
99,阿鼻叫喚です,-1
100,阿鼻叫喚と,-1
101,阿鼻叫喚の,-1
102,意気消沈,-1
103,引っ掛かる,-1
104,引っ繰り返る,-1
105,厭う,-1
106,怨む,-1
107,汚される,-1
108,汚す,-1
109,汚れる,-1
110,臆する,-1
111,臆病風に吹かれる,-1
112,苛だつ,-1
113,苛つく,-1
114,苛苛する,-1
115,苛立つ,-1
116,我慢しきれない,-1
117,我慢する,-1
118,我慢ならない,-1
119,餓える,-1
120,壊される,-1
121,壊れる,-1
122,怪しむ,-1
123,悔しい,-1
124,悔やむ,-1
125,恰好がつかない,-1
126,渇く,-1
127,堪えがたい,-1
128,堪える,-1
129,堪え難い,-1
130,堪忍袋の緒が切れる,-1
131,干からびる,-1
132,患い,-1
133,患う,-1
134,憾む,-1
135,間違う,-1
136,陥る,-1
137,危ぶむ,-1
138,忌みきらう,-1
139,忌み嫌う,-1
140,機嫌を損じる,-1
141,機嫌を損ねる,-1
142,気が緩む,-1
143,気が気でない,-1
144,気が滅入る,-1
145,気に掛かる,-1
146,気に障る,-1
147,気に食わない,-1
148,気をもむ,-1
149,気を悪くする,-1
150,気懸かる,-1
151,気恥ずかしい,-1
152,気がかりだ,-1
153,気がかりです,-1
154,気まずい,-1
155,気持ちが悪い,-1
156,気持ち悪い,-1
157,飢える,-1
158,偽る,-1
159,疑う,-1
160,詰まる,-1
161,逆らえない,-1
162,虚しい,-1
163,許すことができない,-1
164,許せない,-1
165,恐る,-1
166,恐れる,-1
167,狂う,-1
168,狂する,-1
169,胸が騒ぐ,-1
170,胸くそ悪い,-1
171,胸苦しい,-1
172,胸糞が悪い,-1
173,胸糞悪い,-1
174,興醒める,-1
175,驚愕,-1
176,業を煮やす,-1
177,苦しい,-1
178,苦しむ,-1
179,苦しめられる,-1
180,苦汁をなめる,-1
181,苦慮,-1
182,欠く,-1
183,欠ける,-1
184,血の気が引く,-1
185,嫌う,-1
186,嫌がる,-1
187,肩を落とす,-1
188,肩身が狭い,-1
189,見そこなう,-1
190,見失う,-1
191,見損なう,-1
192,見落とす,-1
193,遣り切れない,-1
194,戸惑う,-1
195,枯れる,-1
196,後ろ暗い,-1
197,後ろめたい,-1
198,後口が悪い,-1
199,後味が悪い,-1
200,誤る,-1
201,慌てる,-1
202,荒れる,-1
203,行詰まる,-1
204,行き過ぎる,-1
205,行き詰まる,-1
206,行き詰る,-1
207,行詰る,-1
208,降参,-1
209,降伏,-1
210,降服,-1
211,腰が砕ける,-1
212,骨の折れる,-1
213,困る,-1
214,恨む,-1
215,根に持つ,-1
216,混む,-1
217,砕ける,-1
218,錆びる,-1
219,散らかる,-1
220,散る,-1
221,刺さる,-1
222,死される,-1
223,死ぬ,-1
224,持て余す,-1
225,耳が痛い,-1
226,自信がない,-1
227,自制がきかない,-1
228,自由がきかない,-1
229,辞める,-1
230,失う,-1
231,失った,-1
232,疾しい,-1
233,寂しい,-1
234,弱る,-1
235,取り逃がす,-1
236,手も足も出ない,-1
237,手を引く,-1
238,手間取る,-1
239,腫れる,-1
240,首がまわらない,-1
241,首をひねる,-1
242,臭う,-1
243,縮む,-1
244,出来そこなう,-1
245,出来損なう,-1
246,傷つける,-1
247,傷む,-1
248,傷付ける,-1
249,嘗める,-1
250,小首を傾ける,-1
251,小腹を立てる,-1
252,焦る,-1
253,障る,-1
254,乗り遅れる,-1
255,情ない,-1
256,色を失う,-1
257,侵す,-1
258,心外だ,-1
259,心外です,-1
260,心細い,-1
261,申し訳ない,-1
262,辛い,-1
263,辛めだ,-1
264,辛めです,-1
265,辛めと,-1
266,辛めの,-1
267,震える,-1
268,衰える,-1
269,生きた心地もない,-1
270,逝く,-1
271,切ない,-1
272,折られる,-1
273,舌を巻く,-1
274,争う,-1
275,遭う,-1
276,憎い,-1
277,憎たらしい,-1
278,損う,-1
279,損なう,-1
280,損ねる,-1
281,太る,-1
282,堕ちる,-1
283,妥協,-1
284,耐えられない,-1
285,耐えがたい,-1
286,怠る,-1
287,退かされる,-1
288,嘆く,-1
289,歎く,-1
290,断たれる,-1
291,恥ずかしい,-1
292,遅れを取る,-1
293,遅れる,-1
294,虫がおさまらない,-1
295,懲りる,-1
296,懲り懲りだ,-1
297,懲り懲りです,-1
298,懲り懲りと,-1
299,懲り懲りの,-1
300,頂けない,-1
301,墜ちる,-1
302,痛い,-1
303,痛む,-1
304,痛める,-1
305,潰れる,-1
306,諦める,-1
307,溺れる,-1
308,転ぶ,-1
309,吐き出す,-1
310,妬む,-1
311,途方に暮れる,-1
312,怒る,-1
313,倒れる,-1
314,凍える,-1
315,悼む,-1
316,盗まれる,-1
317,盗む,-1
318,当たられる,-1
319,当てられる,-1
320,頭があがらない,-1
321,頭が上がらない,-1
322,頭にくる,-1
323,頭に来る,-1
324,頭をかかえる,-1
325,頭を抱える,-1
326,曇る,-1
327,悩む,-1
328,馬鹿を見る,-1
329,廃れる,-1
330,敗ける,-1
331,敗れる,-1
332,背く,-1
333,曝す,-1
334,抜かれる,-1
335,叛く,-1
336,犯す,-1
337,悲しむ,-1
338,疲れがある,-1
339,疲れる,-1
340,被る,-1
341,謬る,-1
342,貧する,-1
343,不満がある,-1
344,不満はある,-1
345,怖れる,-1
346,怖じ気づく,-1
347,怖気付く,-1
348,腐る,-1
349,負う,-1
350,負ける,-1
351,侮る,-1
352,腹の虫がおさまらない,-1
353,腹の虫の居所が悪い,-1
354,腹立たしい,-1
355,腹立つ,-1
356,文句がある,-1
357,文句はある,-1
358,聞こえるにくい,-1
359,閉まる,-1
360,別れる,-1
361,偏る,-1
362,呆れる,-1
363,崩される,-1
364,崩す,-1
365,崩れる,-1
366,飽きる,-1
367,亡くす,-1
368,亡くする,-1
369,亡びる,-1
370,妨げる,-1
371,忘れる,-1
372,冒す,-1
373,膨れる,-1
374,謀る,-1
375,無くす,-1
376,迷う,-1
377,滅びる,-1
378,面目ない,-1
379,面目無い,-1
380,面目次第もない,-1
381,蒙る,-1
382,目の前が真っ暗になる,-1
383,薬がきかない,-1
384,落ち込む,-1
385,落とされる,-1
386,落としてしまう,-1
387,乱れる,-1
388,理性がきかない,-1
389,裂ける,-1
390,路頭に迷う,-1
391,漏らす,-1
392,漏れる,-1
393,老いる,-1
394,歪む,-1
395,詫びる,-1
396,咎める,-1
397,咬まれる,-1
398,毀す,-1
399,毀れる,-1
400,憑く,-1
401,罹る,-1
402,挾まる,-1
403,涸れる,-1
404,疵付ける,-1
405,縺れる,-1
406,茫然だ,-1
407,茫然です,-1
408,茫然と,-1
409,茫然の,-1
410,茫漠だ,-1
411,躊躇う,-1
412,躓く,-1
413,轢く,-1
414,騙す,-1
415,,-1
416,あいた口がふさがるない,-1
417,あきれるてものが言えるない,-1
418,あくが強い,-1
419,あくどい,-1
420,あざとい,-1
421,あとの祭りだ,-1
422,あとの祭りです,-1
423,あとの祭りと,-1
424,あとの祭りの,-1
425,あばずれだ,-1
426,あばずれです,-1
427,あばずれと,-1
428,あばずれの,-1
429,あほらしい,-1
430,あやしい,-1
431,あやふやだ,-1
432,あやふやです,-1
433,あらい,-1
434,あらっぽい,-1
435,ありきたりだ,-1
436,ありきたりです,-1
437,ありふれる,-1
438,ありふれるた,-1
439,あるがちだ,-1
440,あるがちです,-1
441,あわせにくい,-1
442,あんぽんたんだ,-1
443,あんぽんたんです,-1
444,あんぽんたんと,-1
445,あんぽんたんの,-1
446,いたしかたない,-1
447,いかがわしい,-1
448,いかつい,-1
449,いぎたない,-1
450,いけ好かない,-1
451,いけ図々しい,-1
452,いこじだ,-1
453,いこじです,-1
454,いじいじ,-1
455,いじける,-1
456,いじましい,-1
457,いぶかしい,-1
458,いまいち,-1
459,いまいましい,-1
460,いまひとつ,-1
461,いまわしい,-1
462,いま一つ,-1
463,いやがる,-1
464,いやしい,-1
465,いやらしい,-1
466,いろあせる,-1
467,いわくつき,-1
468,いんちき,-1
469,うじうじ,-1
470,うす汚い,-1
471,うとい,-1
472,うどの大木だ,-1
473,うどの大木です,-1
474,うどの大木と,-1
475,うどの大木の,-1
476,うらめしい,-1
477,うら寂しい,-1
478,うら悲しい,-1
479,えげつない,-1
480,おこがましい,-1
481,おしい,-1
482,おせっかいだ,-1
483,おせっかいです,-1
484,おせっかいと,-1
485,おせっかいの,-1
486,おそい,-1
487,おそまつだ,-1
488,おそまつです,-1
489,おぞましい,-1
490,おためごかしだ,-1
491,おためごかしです,-1
492,おたんこなすだ,-1
493,おたんこなすです,-1
494,おたんこなすと,-1
495,おたんこなすの,-1
496,おっかない,-1
497,おっくうだ,-1
498,おっくうです,-1
499,おっくうと,-1
500,おっくうの,-1
501,おっさんくさい,-1
502,おっちょこちょいだ,-1
503,おっちょこちょいです,-1
504,おばさん臭い,-1
505,おびやかす,-1
506,おもはゆい,-1
507,おんぼろだ,-1
508,おんぼろです,-1
509,おんぼろと,-1
510,おんぼろの,-1
511,お山の大将だ,-1
512,お山の大将です,-1
513,お山の大将と,-1
514,お山の大将の,-1
515,お節介だ,-1
516,お節介です,-1
517,お節介と,-1
518,お節介の,-1
519,お粗末だ,-1
520,お粗末です,-1
521,お粗末と,-1
522,お粗末の,-1
523,かっこ悪い,-1
524,かったるい,-1
525,かみ合うない,-1
526,かわいいげのない,-1
527,かん高い,-1
528,がさつだ,-1
529,がさつです,-1
530,がっかり,-1
531,がつがつ,-1
532,がめつい,-1
533,ききにくい,-1
534,きちきち,-1
535,きつい,-1
536,きびしい,-1
537,きゅうきゅう,-1
538,ぎくしゃく,-1
539,ぎこちない,-1
540,ぎごちない,-1
541,ぎすぎす,-1
542,ぎちぎち,-1
543,ぎゅうぎゅう,-1
544,ぎょうぎょうしい,-1
545,ぎょっと,-1
546,くしゃくしゃ,-1
547,くそまじめだ,-1
548,くそまじめです,-1
549,くだらない,-1
550,くどい,-1
551,ぐしゃぐしゃ,-1
552,ぐしょぐしょだ,-1
553,ぐしょぐしょです,-1
554,ぐじゃぐじゃだ,-1
555,ぐじゃぐじゃです,-1
556,ぐずぐず,-1
557,ぐずる,-1
558,ぐにゃぐにゃ,-1
559,ぐにゃぐにゃだ,-1
560,ぐにゃぐにゃです,-1
561,ぐらぐら,-1
562,ぐらつく,-1
563,けがらわしい,-1
564,けしからんだ,-1
565,けしからんです,-1
566,けしからんと,-1
567,けしからんの,-1
568,けちけち,-1
569,けちけちするた,-1
570,けちん坊だ,-1
571,けちん坊です,-1
572,けちん坊と,-1
573,けちん坊の,-1
574,けばけば,-1
575,けばけばしい,-1
576,けわしい,-1
577,けんのんだ,-1
578,けんのんです,-1
579,げっそり,-1
580,こしゃくだ,-1
581,こしゃくです,-1
582,こすい,-1
583,こせこせ,-1
584,こっぴどい,-1
585,こっ酷い,-1
586,こてんこてんだ,-1
587,こてんこてんです,-1
588,ごしゃごしゃ,-1
589,ごちゃごちゃ,-1
590,ごっちゃだ,-1
591,ごっちゃです,-1
592,ごてごて,-1
593,ごみごみ,-1
594,ご法度だ,-1
595,ご法度です,-1
596,ご法度と,-1
597,ご法度の,-1
598,さもしい,-1
599,しかたない,-1
600,しかつめらしい,-1
601,しつこい,-1
602,しどろだ,-1
603,しどろです,-1
604,しどろもどろだ,-1
605,しどろもどろです,-1
606,しみったれる,-1
607,しょうがない,-1
608,しょぼい,-1
609,しょぼしょぼ,-1
610,しらじらしい,-1
611,しわくちゃだ,-1
612,しわくちゃです,-1
613,しわくちゃと,-1
614,しわくちゃの,-1
615,しわしわ,-1
616,しんどい,-1
617,しんねり,-1
618,じじむさい,-1
619,じゃじゃ馬だ,-1
620,じゃじゃ馬です,-1
621,じゃじゃ馬と,-1
622,じゃじゃ馬の,-1
623,じゃじゃ馬的だ,-1
624,じゃじゃ馬的です,-1
625,じゃま臭い,-1
626,じれったい,-1
627,すかたんだ,-1
628,すかたんです,-1
629,すかたんと,-1
630,すかたんの,-1
631,すげない,-1
632,すじ違い,-1
633,すたれる,-1
634,ずうずうしい,-1
635,ずるい,-1
636,ずれる,-1
637,ずんべらぼうだ,-1
638,ずんべらぼうです,-1
639,ずんべらぼうと,-1
640,ずんべらぼうの,-1
641,せこい,-1
642,せせこましい,-1
643,せっかちだ,-1
644,せっかちです,-1
645,せわしい,-1
646,せわしない,-1
647,そぐわない,-1
648,そそっかしい,-1
649,そっけない,-1
650,そらぞらしい,-1
651,ぞっと,-1
652,ぞんざいだ,-1
653,ぞんざいです,-1
654,たけだけしい,-1
655,たじたじ,-1
656,たどたどしい,-1
657,たよりない,-1
658,だらけるた,-1
659,だぶつく,-1
660,だらしがない,-1
661,だらしない,-1
662,だらし無い,-1
663,だるい,-1
664,ちぐはぐだ,-1
665,ちぐはぐです,-1
666,ちっぽけだ,-1
667,ちっぽけです,-1
668,ちびだ,-1
669,ちびです,-1
670,ちまちま,-1
671,ちゃちい,-1
672,ちゃちだ,-1
673,ちゃちです,-1
674,ちゃちと,-1
675,ちゃちの,-1
676,ちゃらっぽこだ,-1
677,ちゃらっぽこです,-1
678,ちゃらっぽこと,-1
679,ちゃらっぽこの,-1
680,ちんちくりんだ,-1
681,ちんちくりんです,-1
682,ちんちくりんと,-1
683,ちんちくりんの,-1
684,ちんまり,-1
685,つかむにくい,-1
686,つたない,-1
687,つぶれるやすい,-1
688,つまらない,-1
689,つまるぬ,-1
690,つれない,-1
691,つんつるてんだ,-1
692,つんつるてんです,-1
693,つんつるてんと,-1
694,つんつるてんの,-1
695,できる損なう,-1
696,でくの坊だ,-1
697,でくの坊です,-1
698,でくの坊と,-1
699,でくの坊の,-1
700,でしゃばる,-1
701,とげのある,-1
702,とげとげしい,-1
703,とっつくにくい,-1
704,とぼける,-1
705,とらえる所のない,-1
706,とりとめるがない,-1
707,とろい,-1
708,とんがる,-1
709,とんちんかんだ,-1
710,とんちんかんです,-1
711,とんちんかんと,-1
712,とんちんかんの,-1
713,とんでもない,-1
714,とんまだ,-1
715,とんまです,-1
716,とんまと,-1
717,とんまの,-1
718,どけちだ,-1
719,どけちです,-1
720,ど助平だ,-1
721,ど助平です,-1
722,ど助平と,-1
723,ど助平の,-1
724,どぎつい,-1
725,どけちと,-1
726,どけちの,-1
727,どじだ,-1
728,どじです,-1
729,どじと,-1
730,どじの,-1
731,どじをふむ,-1
732,どじを踏む,-1
733,どす黒い,-1
734,どっちつくぬ,-1
735,どっち付くぬ,-1
736,どんくさい,-1
737,なおざりだ,-1
738,なおざりです,-1
739,なごりおしい,-1
740,なじむない,-1
741,なじむにくい,-1
742,なまぬるい,-1
743,なよなよ,-1
744,なれなれしい,-1
745,にちゃにちゃ,-1
746,にぶい,-1
747,にべもない,-1
748,にべも無い,-1
749,ねたましい,-1
750,ねちねち,-1
751,のらりくらり,-1
752,のれんに腕押しだ,-1
753,のれんに腕押しです,-1
754,のれんに腕押しと,-1
755,のれんに腕押しの,-1
756,のろい,-1
757,のろくさい,-1
758,のろのろ,-1
759,のろまだ,-1
760,のろまです,-1
761,のろまと,-1
762,のろまの,-1
763,はかばかしい,-1
764,はしたない,-1
765,はずれだ,-1
766,はずれです,-1
767,はずれと,-1
768,はずれの,-1
769,はでだ,-1
770,はでです,-1
771,はで好みだ,-1
772,はで好みです,-1
773,はで好みと,-1
774,はで好みの,-1
775,ばか正直だ,-1
776,ばか正直です,-1
777,ばか丁寧だ,-1
778,ばか丁寧です,-1
779,ばかくさい,-1
780,ばっちい,-1
781,ばらつきがある,-1
782,ひやひや,-1
783,ひょろひょろ,-1
784,ひ弱い,-1
785,びしょびしょだ,-1
786,びしょびしょです,-1
787,ふがいない,-1
788,ふた目と見るられるない,-1
789,ふつつかだ,-1
790,ふつつかです,-1
791,ふてぶてしい,-1
792,ふにゃふにゃ,-1
793,ふにゃふにゃだ,-1
794,ふにゃふにゃです,-1
795,ふらふら,-1
796,ふんぞり返る,-1
797,ぶよぶよ,-1
798,へなちょこだ,-1
799,へなちょこです,-1
800,へなちょこと,-1
801,へなちょこの,-1
802,へいこら,-1
803,へそ曲がりだ,-1
804,へそ曲がりです,-1
805,へそ曲がりと,-1
806,へそ曲がりの,-1
807,へたくそだ,-1
808,へたくそです,-1
809,へとへとだ,-1
810,へとへとです,-1
811,へなへな,-1
812,べとつく,-1
813,べとべと,-1
814,ぺしゃんこだ,-1
815,ぺしゃんこです,-1
816,ぺしゃんこと,-1
817,ぺしゃんこの,-1
818,ぺてん師だ,-1
819,ぺてん師です,-1
820,ぺてん師と,-1
821,ぺてん師の,-1
822,ほど遠い,-1
823,ぼさっと,-1
824,ぼやける,-1
825,ぼやぼや,-1
826,ぼろい,-1
827,ぼろぼろだ,-1
828,ぼろぼろです,-1
829,ぼんくらだ,-1
830,ぼんくらです,-1
831,ぼんくらと,-1
832,ぼんくらの,-1
833,ぼんやり,-1
834,まがい物だ,-1
835,まがい物です,-1
836,まがい物と,-1
837,まがい物の,-1
838,まがい物的だ,-1
839,まがい物的です,-1
840,まがまがしい,-1
841,まごまご,-1
842,まだるっこい,-1
843,ままならない,-1
844,みそっかす,-1
845,みすぼらしい,-1
846,みっともない,-1
847,みにくい,-1
848,みみっちい,-1
849,むかむか,-1
850,むごい,-1
851,むごたらしい,-1
852,むさい,-1
853,むさくるしい,-1
854,むっと,-1
855,むなぐるしい,-1
856,むなしい,-1
857,めそめそ,-1
858,めちゃくちゃだ,-1
859,めちゃくちゃです,-1
860,めちゃめちゃだ,-1
861,めちゃめちゃです,-1
862,めんどう臭い,-1
863,めんどうくさい,-1
864,めんどくさい,-1
865,もう一つだ,-1
866,もたつきがある,-1
867,もっさり,-1
868,もったいない,-1
869,もってのほかだ,-1
870,もってのほかです,-1
871,もってのほかと,-1
872,もってのほかの,-1
873,もどかしい,-1
874,ものうい,-1
875,ものすさまじい,-1
876,ものたりない,-1
877,もの狂おしい,-1
878,もの凄まじい,-1
879,もの悲しい,-1
880,やかましい,-1
881,やきもき,-1
882,やっかいだ,-1
883,やっかいです,-1
884,やにっこい,-1
885,やばい,-1
886,やぶさかだ,-1
887,やぶさかです,-1
888,やぼだ,-1
889,やぼです,-1
890,やぼったい,-1
891,やましい,-1
892,ややこしい,-1
893,やりきれない,-1
894,やり切れない,-1
895,やるせない,-1
896,やわだ,-1
897,やわです,-1
898,やわい,-1
899,ゆゆしい,-1
900,ゆるい,-1
901,よけいだ,-1
902,よけいです,-1
903,よけいと,-1
904,よけいの,-1
905,よそよそしい,-1
906,よれよれだ,-1
907,よれよれです,-1
908,よれる,-1
909,よわい,-1
910,よんどころない,-1
911,らちもない,-1
912,ろくでなしだ,-1
913,ろくでなしです,-1
914,ろくでなしと,-1
915,ろくでなしの,-1
916,わいせつだ,-1
917,わいせつです,-1
918,わいせつと,-1
919,わいせつの,-1
920,わかるにくい,-1
921,わざとらしい,-1
922,わずらわしい,-1
923,わびしい,-1
924,わやだ,-1
925,わやです,-1
926,わやくだ,-1
927,わやくです,-1
928,アウトローだ,-1
929,アウトローです,-1
930,アウトローと,-1
931,アウトローの,-1
932,アホだ,-1
933,アホです,-1
934,アホと,-1
935,アホの,-1
936,アンナチュラルだ,-1
937,アンナチュラルです,-1
938,アンナチュラルと,-1
939,アンナチュラルの,-1
940,イカレる,-1
941,イマイチだ,-1
942,イマイチです,-1
943,イマイチと,-1
944,イマイチの,-1
945,イレギュラ,-1
946,イレギュラー,-1
947,インチキだ,-1
948,インチキです,-1
949,インチキと,-1
950,インチキの,-1
951,インパクトがない,-1
952,ウドの大木だ,-1
953,ウドの大木です,-1
954,ウドの大木と,-1
955,ウドの大木の,-1
956,エキセントリックだ,-1
957,エキセントリックです,-1
958,エゴイストだ,-1
959,エゴイストです,-1
960,エゴイストと,-1
961,エゴイストの,-1
962,エッチだ,-1
963,オーソドックスすぎる,-1
964,オマケ程度,-1
965,オモチャっぽい,-1
966,オヤジ臭い,-1
967,オリジナリティがない,-1
968,カッコ悪い,-1
969,ガキっぽい,-1
970,ガタ落ち,-1
971,ガチガチだ,-1
972,ガチガチです,-1
973,キズがある,-1
974,キツイ,-1
975,キリがない,-1
976,ギクシャク,-1
977,ギュウギュウだ,-1
978,ギュウギュウです,-1
979,クセがある,-1
980,クセはある,-1
981,グルーミー,-1
982,グロだ,-1
983,グロです,-1
984,グロと,-1
985,グロの,-1
986,グロッキーだ,-1
987,グロッキーです,-1
988,グロッキーと,-1
989,グロッキーの,-1
990,グロテスクだ,-1
991,グロテスクです,-1
992,コワい,-1
993,ショッキングだ,-1
994,ショッキングです,-1
995,ショックがある,-1
996,ショボ過ぎ,-1
997,シリアスだ,-1
998,シリアスです,-1
999,ジャジャ馬だ,-1
1000,ジャジャ馬です,-1
1001,ジャジャ馬と,-1
1002,ジャジャ馬の,-1
1003,ズレる,-1
1004,センスがない,-1
1005,ダーティ,-1
1006,ダーティー,-1
1007,ダサい,-1
1008,チグハグだ,-1
1009,チグハグです,-1
1010,チャチ,-1
1011,チャラチャラ,-1
1012,ディプレッション,-1
1013,デカ過ぎ,-1
1014,デプレッション,-1
1015,ノイジー,-1
1016,ノンセンスだ,-1
1017,ノンセンスです,-1
1018,ノンセンスと,-1
1019,ノンセンスの,-1
1020,バタくさい,-1
1021,バタ臭い,-1
1022,バラツキがある,-1
1023,パワー不足,-1
1024,ヒステリックだ,-1
1025,ヒステリックです,-1
1026,ヒヤヒヤ,-1
1027,ビビるやすい,-1
1028,ヘンテコだ,-1
1029,ヘンテコです,-1
1030,ミーハーだ,-1
1031,ミーハーです,-1
1032,ミスマッチ,-1
1033,メチャメチャだ,-1
1034,メチャメチャです,-1
1035,メランコリック,-1
1036,メリハリがない,-1
1037,ヤワだ,-1
1038,ヤワです,-1
1039,ヨレヨレだ,-1
1040,ヨレヨレです,-1
1041,ヨレヨレと,-1
1042,ヨレヨレの,-1
1043,ワーストワンだ,-1
1044,ワーストワンです,-1
1045,ワーストワンと,-1
1046,ワーストワンの,-1
1047,ワンマンだ,-1
1048,ワンマンです,-1
1049,唖然だ,-1
1050,唖然です,-1
1051,唖然と,-1
1052,唖然の,-1
1053,阿呆くさい,-1
1054,阿呆だ,-1
1055,阿呆です,-1
1056,阿呆と,-1
1057,阿呆の,-1
1058,阿呆らしい,-1
1059,阿呆臭い,-1
1060,哀しい,-1
1061,哀しむ,-1
1062,哀れだ,-1
1063,愛想がない,-1
1064,愛想の無い,-1
1065,悪趣味だ,-1
1066,悪趣味です,-1
1067,悪趣味と,-1
1068,悪趣味の,-1
1069,悪い,-1
1070,悪賢い,-1
1071,悪達者だ,-1
1072,悪達者です,-1
1073,悪達者と,-1
1074,悪達者の,-1
1075,悪辣だ,-1
1076,悪辣です,-1
1077,扱いにくい,-1
1078,扱い難い,-1
1079,安っぽい,-1
1080,安普請的だ,-1
1081,安普請的です,-1
1082,安物だ,-1
1083,安物です,-1
1084,安物と,-1
1085,安物の,-1
1086,暗い,-1
1087,暗む,-1
1088,暗愚だ,-1
1089,暗愚です,-1
1090,暗愚と,-1
1091,暗愚の,-1
1092,暗鬱だ,-1
1093,暗鬱です,-1
1094,暗澹だ,-1
1095,暗澹です,-1
1096,暗澹と,-1
1097,暗澹の,-1
1098,意に介さない,-1
1099,意気地無しだ,-1
1100,意気地無しです,-1
1101,意気地無しと,-1
1102,意気地無しの,-1
1103,意固地だ,-1
1104,意固地です,-1
1105,意志薄弱だ,-1
1106,意志薄弱です,-1
1107,意志薄弱と,-1
1108,意志薄弱の,-1
1109,意地が悪い,-1
1110,意地の悪い,-1
1111,意地っぱりだ,-1
1112,意地っぱりです,-1
1113,意地っぱりと,-1
1114,意地っぱりの,-1
1115,意地っ張りだ,-1
1116,意地っ張りです,-1
1117,意地っ張りと,-1
1118,意地っ張りの,-1
1119,意地汚い,-1
1120,意地張りだ,-1
1121,意地張りです,-1
1122,意地張りと,-1
1123,意地張りの,-1
1124,違和感がある,-1
1125,一卷の終りだ,-1
1126,一卷の終りです,-1
1127,一卷の終りと,-1
1128,一卷の終りの,-1
1129,一巻の終わる,-1
1130,一筋縄ではいかない,-1
1131,一苦労,-1
1132,一文惜しみだ,-1
1133,一文惜しみです,-1
1134,一文惜しみと,-1
1135,一文惜しみの,-1
1136,引っ込みがちだ,-1
1137,引っ込みがちです,-1
1138,引っ込み思案だ,-1
1139,引っ込み思案です,-1
1140,引っ込み思案と,-1
1141,引っ込み思案の,-1
1142,淫蕩だ,-1
1143,淫蕩です,-1
1144,淫蕩と,-1
1145,淫蕩の,-1
1146,淫猥だ,-1
1147,淫猥です,-1
1148,淫靡だ,-1
1149,淫靡です,-1
1150,淫靡と,-1
1151,淫靡の,-1
1152,陰うつだ,-1
1153,陰うつです,-1
1154,陰気臭い,-1
1155,陰険だ,-1
1156,陰険です,-1
1157,陰惨だ,-1
1158,陰惨です,-1
1159,陰湿だ,-1
1160,陰湿です,-1
1161,陰鬱だ,-1
1162,陰鬱です,-1
1163,烏滸がましい,-1
1164,迂遠だ,-1
1165,迂遠です,-1
1166,迂愚だ,-1
1167,迂愚です,-1
1168,迂闊だ,-1
1169,迂闊です,-1
1170,雲泥の差がある,-1
1171,雲泥の差だ,-1
1172,雲泥の差です,-1
1173,雲泥の差と,-1
1174,雲泥の差の,-1
1175,影がうすい,-1
1176,影が薄い,-1
1177,厭だ,-1
1178,厭です,-1
1179,厭わしい,-1
1180,怨めしい,-1
1181,縁がない,-1
1182,遠慮会釈もない,-1
1183,汚い,-1
1184,汚らしい,-1
1185,汚らわしい,-1
1186,汚れやすい,-1
1187,汚穢だ,-1
1188,汚穢です,-1
1189,汚穢と,-1
1190,汚穢の,-1
1191,奥行きがない,-1
1192,押しが強い,-1
1193,押し付けがましい,-1
1194,横柄だ,-1
1195,横柄です,-1
1196,横様だ,-1
1197,横様です,-1
1198,臆病者だ,-1
1199,臆病者です,-1
1200,臆病者と,-1
1201,臆病者の,-1
1202,恩着せがましい,-1
1203,下にもおけない,-1
1204,下らない,-1
1205,下賎だ,-1
1206,下賎です,-1
1207,下等だ,-1
1208,下等です,-1
1209,下劣だ,-1
1210,下劣です,-1
1211,何にもならない,-1
1212,何のへんてつもない,-1
1213,可哀相だ,-1
1214,可哀相です,-1
1215,火の消えたよう,-1
1216,禍々しい,-1
1217,禍禍しい,-1
1218,苛酷だ,-1
1219,苛酷です,-1
1220,苛烈だ,-1
1221,苛烈です,-1
1222,過ち,-1
1223,過酷だ,-1
1224,過酷です,-1
1225,我が物顔だ,-1
1226,我が物顔です,-1
1227,我が物顔と,-1
1228,我が物顔の,-1
1229,画一的だ,-1
1230,画一的です,-1
1231,怪しい,-1
1232,怪しげだ,-1
1233,怪しげです,-1
1234,怪異だ,-1
1235,怪異です,-1
1236,怪奇だ,-1
1237,怪奇です,-1
1238,格好悪い,-1
1239,角のある,-1
1240,角張りすぎる,-1
1241,隔靴掻痒だ,-1
1242,隔靴掻痒です,-1
1243,隔靴掻痒と,-1
1244,隔靴掻痒の,-1
1245,隔心だ,-1
1246,隔心です,-1
1247,隔心と,-1
1248,隔心の,-1
1249,楽しみがない,-1
1250,割に合わない,-1
1251,恰好わるい,-1
1252,恰好悪い,-1
1253,寒々,-1
1254,寒ざむ,-1
1255,寒寒,-1
1256,勘弁だ,-1
1257,感情的だ,-1
1258,感情的です,-1
1259,甘ｋ見る,-1
1260,甘ったれる,-1
1261,緩い,-1
1262,間が悪い,-1
1263,間の延びた,-1
1264,間延び,-1
1265,間延びした,-1
1266,間尺に合わない,-1
1267,閑散だ,-1
1268,閑散です,-1
1269,頑愚だ,-1
1270,頑愚です,-1
1271,頑愚と,-1
1272,頑愚の,-1
1273,頑冥だ,-1
1274,頑冥です,-1
1275,頑迷だ,-1
1276,頑迷です,-1
1277,顔負けだ,-1
1278,顔負けです,-1
1279,顔負けと,-1
1280,顔負けの,-1
1281,危うい,-1
1282,危ない,-1
1283,危なっかしい,-1
1284,奇々怪々だ,-1
1285,奇々怪々です,-1
1286,奇々怪々と,-1
1287,奇々怪々の,-1
1288,奇っ怪だ,-1
1289,奇っ怪です,-1
1290,奇奇怪怪だ,-1
1291,奇奇怪怪です,-1
1292,奇奇怪怪と,-1
1293,奇奇怪怪の,-1
1294,奇態だ,-1
1295,奇態です,-1
1296,希薄だ,-1
1297,希薄です,-1
1298,忌まわしい,-1
1299,忌わしい,-1
1300,機械的だ,-1
1301,機械的です,-1
1302,機嫌が悪い,-1
1303,気が遠くなる,-1
1304,気が遠のく,-1
1305,気が強い,-1
1306,気が塞ぐ,-1
1307,気が弱い,-1
1308,気が重い,-1
1309,気が小さい,-1
1310,気が短い,-1
1311,気が沈む,-1
1312,気にくわない,-1
1313,気むつかしい,-1
1314,気ぜわしい,-1
1315,気むずかしい,-1
1316,気弱だ,-1
1317,気弱です,-1
1318,気取った,-1
1319,気色が悪い,-1
1320,気早だ,-1
1321,気早です,-1
1322,気短だ,-1
1323,気短です,-1
1324,気難しい,-1
1325,気付きにくい,-1
1326,気分が悪い,-1
1327,気忙しい,-1
1328,気味が悪い,-1
1329,稀薄だ,-1
1330,稀薄です,-1
1331,儀式張った,-1
1332,戯けです,-1
1333,戯けと,-1
1334,戯けの,-1
1335,疑い深い,-1
1336,疑わしい,-1
1337,疑問だ,-1
1338,詰屈だ,-1
1339,詰屈です,-1
1340,逆賊だ,-1
1341,逆賊です,-1
1342,逆賊と,-1
1343,逆賊の,-1
1344,泣き所だ,-1
1345,泣き所です,-1
1346,泣き所と,-1
1347,泣き所の,-1
1348,泣き虫だ,-1
1349,泣き虫です,-1
1350,泣き虫と,-1
1351,泣き虫の,-1
1352,居丈高だ,-1
1353,居丈高です,-1
1354,虚仮だ,-1
1355,虚仮です,-1
1356,虚仮と,-1
1357,虚仮の,-1
1358,許しがたい,-1
1359,凶漢だ,-1
1360,凶漢です,-1
1361,凶漢と,-1
1362,凶漢の,-1
1363,凶暴だ,-1
1364,凶暴です,-1
1365,凶猛だ,-1
1366,凶猛です,-1
1367,凶猛と,-1
1368,凶猛の,-1
1369,強情張だ,-1
1370,強情張です,-1
1371,強情張と,-1
1372,強情張の,-1
1373,強情っぱりだ,-1
1374,強情っぱりです,-1
1375,強欲だ,-1
1376,強欲です,-1
1377,怯懦だ,-1
1378,怯懦です,-1
1379,怯懦と,-1
1380,怯懦の,-1
1381,恐るべき,-1
1382,恐れがある,-1
1383,恐れ多い,-1
1384,狂わしい,-1
1385,狂人だ,-1
1386,狂人です,-1
1387,狂人と,-1
1388,狂人の,-1
1389,狂暴だ,-1
1390,狂暴です,-1
1391,狂乱,-1
1392,狭苦しい,-1
1393,狭量だ,-1
1394,狭量です,-1
1395,狭隘だ,-1
1396,狭隘です,-1
1397,脅かす,-1
1398,興味がない,-1
1399,驚きがない,-1
1400,仰々しい,-1
1401,仰仰しい,-1
1402,業突く張りだ,-1
1403,業突く張りです,-1
1404,業突く張りと,-1
1405,業突く張りの,-1
1406,極貧だ,-1
1407,極貧です,-1
1408,極貧と,-1
1409,極貧の,-1
1410,僅少だ,-1
1411,僅少です,-1
1412,僅少と,-1
1413,僅少の,-1
1414,近目だ,-1
1415,近目です,-1
1416,近目と,-1
1417,近目の,-1
1418,銀流しだ,-1
1419,銀流しです,-1
1420,銀流しと,-1
1421,銀流しの,-1
1422,苦になる,-1
1423,苦々しい,-1
1424,苦し紛れだ,-1
1425,苦し紛れです,-1
1426,苦肉の策だ,-1
1427,苦肉の策です,-1
1428,苦肉の策と,-1
1429,苦肉の策の,-1
1430,愚にもつかぬ,-1
1431,愚の骨頂だ,-1
1432,愚の骨頂です,-1
1433,愚の骨頂と,-1
1434,愚の骨頂の,-1
1435,愚か,-1
1436,愚かしい,-1
1437,愚人だ,-1
1438,愚人です,-1
1439,愚人と,-1
1440,愚人の,-1
1441,愚図だ,-1
1442,愚図です,-1
1443,愚図と,-1
1444,愚図の,-1
1445,愚直だ,-1
1446,愚直です,-1
1447,愚直と,-1
1448,愚直の,-1
1449,愚鈍だ,-1
1450,愚鈍です,-1
1451,愚鈍と,-1
1452,愚鈍の,-1
1453,愚物だ,-1
1454,愚物です,-1
1455,愚物と,-1
1456,愚物の,-1
1457,愚昧だ,-1
1458,愚昧です,-1
1459,愚劣だ,-1
1460,愚劣です,-1
1461,愚劣と,-1
1462,愚劣の,-1
1463,空々しい,-1
1464,空しい,-1
1465,空回り,-1
1466,空恐ろしい,-1
1467,空空しい,-1
1468,空疎だ,-1
1469,空疎です,-1
1470,空中楼閣だ,-1
1471,空中楼閣です,-1
1472,空中楼閣と,-1
1473,空中楼閣の,-1
1474,屈伏,-1
1475,屈服,-1
1476,型にはまる,-1
1477,形無しだ,-1
1478,形無しです,-1
1479,形無しと,-1
1480,形無しの,-1
1481,軽々しい,-1
1482,軽はずみだ,-1
1483,軽はずみです,-1
1484,軽はずみと,-1
1485,軽はずみの,-1
1486,軽視,-1
1487,軽蔑,-1
1488,軽躁だ,-1
1489,軽躁です,-1
1490,軽躁と,-1
1491,軽躁の,-1
1492,激越だ,-1
1493,激越です,-1
1494,隙だらけ,-1
1495,欠陥がある,-1
1496,欠陥品,-1
1497,血も涙もない,-1
1498,血の気が多い,-1
1499,喧しい,-1
1500,喧嘩腰だ,-1
1501,喧嘩腰です,-1
1502,喧嘩腰と,-1
1503,喧嘩腰の,-1
1504,堅苦しい,-1
1505,堅物だ,-1
1506,堅物です,-1
1507,堅物と,-1
1508,堅物の,-1
1509,嫌らしい,-1
1510,嫌みだ,-1
1511,嫌みです,-1
1512,嫌みと,-1
1513,嫌みの,-1
1514,嫌味たらしい,-1
1515,嫌味ったらしい,-1
1516,見えっ張りだ,-1
1517,見えっ張りです,-1
1518,見ぐるしい,-1
1519,見づらい,-1
1520,見にくい,-1
1521,見るかげもない,-1
1522,見る影もない,-1
1523,見下す,-1
1524,見苦しい,-1
1525,見向きもしない,-1
1526,険しい,-1
1527,険悪だ,-1
1528,険悪です,-1
1529,険悪と,-1
1530,険悪の,-1
1531,険難だ,-1
1532,険難です,-1
1533,元も子もない,-1
1534,厳つい,-1
1535,厳酷だ,-1
1536,厳酷です,-1
1537,幻怪だ,-1
1538,幻怪です,-1
1539,幻怪と,-1
1540,幻怪の,-1
1541,言語道断だ,-1
1542,言語道断です,-1
1543,言語道断と,-1
1544,言語道断の,-1
1545,個性がない,-1
1546,個性はない,-1
1547,古めかしい,-1
1548,古臭い,-1
1549,固陋だ,-1
1550,固陋です,-1
1551,姑息だ,-1
1552,姑息です,-1
1553,胡散臭い,-1
1554,誇大だ,-1
1555,誇大です,-1
1556,後のまつりだ,-1
1557,後のまつりです,-1
1558,後のまつりと,-1
1559,後のまつりの,-1
1560,後の祭りだ,-1
1561,後の祭りです,-1
1562,後の祭りと,-1
1563,後の祭りの,-1
1564,後悔先に立たぬ,-1
1565,御粗末だ,-1
1566,御粗末です,-1
1567,御機嫌斜めだ,-1
1568,御機嫌斜めです,-1
1569,御機嫌斜めと,-1
1570,御機嫌斜めの,-1
1571,御大層だ,-1
1572,御大層です,-1
1573,効きすぎる,-1
1574,効きにくい,-1
1575,効き難い,-1
1576,厚かましい,-1
1577,厚ぼったい,-1
1578,厚顔だ,-1
1579,厚顔です,-1
1580,口がさびしい,-1
1581,口が軽い,-1
1582,口ほどにもない,-1
1583,口惜しい,-1
1584,口先だけ,-1
1585,口先だけの,-1
1586,向う見ずだ,-1
1587,向う見ずです,-1
1588,好い加減だ,-1
1589,好い加減です,-1
1590,好きものだ,-1
1591,好きものです,-1
1592,好きものと,-1
1593,好きものの,-1
1594,好き嫌いがある,-1
1595,好き嫌いはある,-1
1596,巧言令色だ,-1
1597,巧言令色です,-1
1598,巧言令色と,-1
1599,巧言令色の,-1
1600,慌しい,-1
1601,慌ただしい,-1
1602,甲斐性無い,-1
1603,糠に釘だ,-1
1604,糠に釘です,-1
1605,糠に釘と,-1
1606,糠に釘の,-1
1607,荒々しい,-1
1608,荒くれた,-1
1609,荒っぽい,-1
1610,荒らかだ,-1
1611,荒らかです,-1
1612,荒荒しい,-1
1613,荒削りだ,-1
1614,荒削りです,-1
1615,荒削りと,-1
1616,荒削りの,-1
1617,荒誕だ,-1
1618,荒誕です,-1
1619,荒誕と,-1
1620,荒誕の,-1
1621,荒唐だ,-1
1622,荒唐です,-1
1623,荒唐と,-1
1624,荒唐の,-1
1625,高慢だ,-1
1626,高慢です,-1
1627,高慢と,-1
1628,高慢の,-1
1629,高慢ちきだ,-1
1630,高慢ちきです,-1
1631,高慢ちきと,-1
1632,高慢ちきの,-1
1633,剛愎だ,-1
1634,剛愎です,-1
1635,剛愎と,-1
1636,剛愎の,-1
1637,合わせにくい,-1
1638,酷たらしい,-1
1639,酷だ,-1
1640,酷です,-1
1641,酷と,-1
1642,酷の,-1
1643,酷い,-1
1644,酷しい,-1
1645,酷薄だ,-1
1646,酷薄です,-1
1647,酷薄と,-1
1648,酷薄の,-1
1649,酷烈だ,-1
1650,酷烈です,-1
1651,腰が弱い,-1
1652,腰が重い,-1
1653,腰砕けだ,-1
1654,腰砕けです,-1
1655,腰砕けと,-1
1656,腰砕けの,-1
1657,腰弱だ,-1
1658,腰弱です,-1
1659,腰抜けだ,-1
1660,腰抜けです,-1
1661,腰抜けと,-1
1662,腰抜けの,-1
1663,今ひとつ,-1
1664,今一つだ,-1
1665,今一つです,-1
1666,今一つと,-1
1667,今一つの,-1
1668,恨み骨髄に徹する,-1
1669,恨めしい,-1
1670,根性悪だ,-1
1671,根性悪です,-1
1672,根性悪と,-1
1673,根性悪の,-1
1674,根性曲り,-1
1675,根無しだ,-1
1676,根無しです,-1
1677,根無しと,-1
1678,根無しの,-1
1679,差がある,-1
1680,差が激しい,-1
1681,差はある,-1
1682,差し支える,-1
1683,差し出がましい,-1
1684,差支える,-1
1685,差別的だ,-1
1686,差別的です,-1
1687,細細,-1
1688,在り来りだ,-1
1689,在り来りです,-1
1690,罪ぶかい,-1
1691,罪作りだ,-1
1692,罪作りです,-1
1693,罪作りと,-1
1694,罪作りの,-1
1695,罪深い,-1
1696,策士だ,-1
1697,策士です,-1
1698,策士と,-1
1699,策士の,-1
1700,擦れっ枯らしだ,-1
1701,擦れっ枯らしです,-1
1702,擦れっ枯らしと,-1
1703,擦れっ枯らしの,-1
1704,殺人的だ,-1
1705,殺人的です,-1
1706,殺伐だ,-1
1707,殺伐です,-1
1708,殺伐の,-1
1709,殺伐と,-1
1710,雑だ,-1
1711,雑です,-1
1712,雑と,-1
1713,雑の,-1
1714,雑然だ,-1
1715,雑然です,-1
1716,雑然の,-1
1717,惨い,-1
1718,惨たらしい,-1
1719,惨烈だ,-1
1720,惨烈です,-1
1721,惨烈と,-1
1722,惨烈の,-1
1723,惨憺だ,-1
1724,惨憺です,-1
1725,惨憺と,-1
1726,惨憺の,-1
1727,散々だ,-1
1728,散々です,-1
1729,散散だ,-1
1730,散散です,-1
1731,酸鼻だ,-1
1732,酸鼻です,-1
1733,酸鼻と,-1
1734,酸鼻の,-1
1735,残り惜しい,-1
1736,残り多い,-1
1737,残刻だ,-1
1738,残刻です,-1
1739,残忍だ,-1
1740,残忍です,-1
1741,残忍と,-1
1742,残忍の,-1
1743,仕方がない,-1
1744,仕方ない,-1
1745,仕方のない,-1
1746,使いづらい,-1
1747,使いにくい,-1
1748,使い難い,-1
1749,使い物にならない,-1
1750,刺々しい,-1
1751,刺刺しい,-1
1752,子供っぽい,-1
1753,子供だましだ,-1
1754,子供だましです,-1
1755,子供だましと,-1
1756,子供だましの,-1
1757,子供騙しだ,-1
1758,子供騙しです,-1
1759,子供騙しと,-1
1760,子供騙しの,-1
1761,思いきりの悪い,-1
1762,思い切りの悪い,-1
1763,思わしくない,-1
1764,支障がある,-1
1765,脂こい,-1
1766,脂っこい,-1
1767,歯が立たない,-1
1768,歯痒い,-1
1769,耳年増だ,-1
1770,耳年増です,-1
1771,耳年増と,-1
1772,耳年増の,-1
1773,自縄自縛だ,-1
1774,自縄自縛です,-1
1775,自縄自縛と,-1
1776,自縄自縛の,-1
1777,七転八倒だ,-1
1778,七転八倒です,-1
1779,七転八倒と,-1
1780,七転八倒の,-1
1781,七面倒臭い,-1
1782,執念深い,-1
1783,質感がない,-1
1784,邪険だ,-1
1785,邪険です,-1
1786,邪魔者,-1
1787,邪魔物,-1
1788,邪魔くさい,-1
1789,邪慳だ,-1
1790,邪慳です,-1
1791,寂しげだ,-1
1792,寂しげです,-1
1793,寂しげと,-1
1794,寂しげの,-1
1795,寂れる,-1
1796,寂寞だ,-1
1797,寂寞です,-1
1798,寂寞と,-1
1799,寂寞の,-1
1800,弱々しい,-1
1801,弱り目だ,-1
1802,弱り目です,-1
1803,弱り目と,-1
1804,弱り目にたたり目だ,-1
1805,弱り目にたたり目です,-1
1806,弱り目にたたり目と,-1
1807,弱り目にたたり目の,-1
1808,弱り目の,-1
1809,弱虫だ,-1
1810,弱虫です,-1
1811,弱虫と,-1
1812,弱虫の,-1
1813,守銭奴だ,-1
1814,守銭奴です,-1
1815,守銭奴と,-1
1816,守銭奴の,-1
1817,手がつけられない,-1
1818,手が出ない,-1
1819,手が足りない,-1
1820,手におえない,-1
1821,手に余る,-1
1822,手の出し様がない,-1
1823,手ぬるい,-1
1824,手ひどい,-1
1825,手緩い,-1
1826,手狭だ,-1
1827,手狭です,-1
1828,手狭と,-1
1829,手狭の,-1
1830,手厳しい,-1
1831,手荒だ,-1
1832,手荒です,-1
1833,手荒い,-1
1834,手酷い,-1
1835,手重い,-1
1836,手痛い,-1
1837,手薄だ,-1
1838,手薄です,-1
1839,酒落臭いだ,-1
1840,酒落臭いです,-1
1841,酒落臭いと,-1
1842,酒落臭いの,-1
1843,受け入れ難い,-1
1844,受け付けない,-1
1845,呪わしい,-1
1846,臭い,-1
1847,醜い,-1
1848,重々しい,-1
1849,重苦しい,-1
1850,重重しい,-1
1851,術無い,-1
1852,峻険だ,-1
1853,峻険です,-1
1854,峻厳だ,-1
1855,峻厳です,-1
1856,峻嶮だ,-1
1857,峻嶮です,-1
1858,暑がりだ,-1
1859,暑がりです,-1
1860,暑がりと,-1
1861,暑がりの,-1
1862,暑苦しい,-1
1863,女たらしだ,-1
1864,女たらしです,-1
1865,女たらしと,-1
1866,女たらしの,-1
1867,女女しい,-1
1868,小難しい,-1
1869,小汚い,-1
1870,小気味が悪い,-1
1871,小賢しい,-1
1872,小心翼翼だ,-1
1873,小心翼翼です,-1
1874,小心翼翼と,-1
1875,小心翼翼の,-1
1876,小憎らしい,-1
1877,小便くさい,-1
1878,小面憎い,-1
1879,小利口だ,-1
1880,小利口です,-1
1881,小癪にさわる,-1
1882,焦れったい,-1
1883,省きすぎる,-1
1884,笑止千万です,-1
1885,笑止千万と,-1
1886,笑止千万の,-1
1887,上っ面だけ,-1
1888,上滑りだ,-1
1889,上滑りです,-1
1890,上辷りだ,-1
1891,上辷りです,-1
1892,冗談じゃない,-1
1893,冗長だ,-1
1894,冗長です,-1
1895,冗漫だ,-1
1896,冗漫です,-1
1897,情けが無い,-1
1898,情け知らず,-1
1899,情け容赦もない,-1
1900,情けない,-1
1901,情強だ,-1
1902,情強です,-1
1903,色あせる,-1
1904,色気がない,-1
1905,尻が軽い,-1
1906,尻が重い,-1
1907,尻の穴が小さい,-1
1908,尻ごみ,-1
1909,尻軽だ,-1
1910,尻軽です,-1
1911,尻込み,-1
1912,伸びがない,-1
1913,信じがたい,-1
1914,寝覚めが悪い,-1
1915,寝苦しい,-1
1916,寝耳に水だ,-1
1917,寝耳に水です,-1
1918,寝耳に水と,-1
1919,寝耳に水の,-1
1920,心が重い,-1
1921,心が騒ぐ,-1
1922,心を乱す,-1
1923,心許ない,-1
1924,心許無い,-1
1925,心苦しい,-1
1926,心無い,-1
1927,心憂い,-1
1928,新鮮味はない,-1
1929,深みがない,-1
1930,身もふたもない,-1
1931,身も蓋もない,-1
1932,身の程知らずだ,-1
1933,身の程知らずです,-1
1934,身の程知らずと,-1
1935,身の程知らずの,-1
1936,辛気くさい,-1
1937,辛気臭い,-1
1938,人が悪い,-1
1939,人を食った,-1
1940,人気がない,-1
1941,人気はない,-1
1942,人泣かせだ,-1
1943,人泣かせです,-1
1944,人泣かせと,-1
1945,人泣かせの,-1
1946,人聞きが悪い,-1
1947,人聞きの悪い,-1
1948,人目につく,-1
1949,人恋しい,-1
1950,図々しい,-1
1951,水の泡だ,-1
1952,水の泡です,-1
1953,水の泡と,-1
1954,水の泡になる,-1
1955,水の泡の,-1
1956,水臭い,-1
1957,嵩張る,-1
1958,寸づまりだ,-1
1959,寸づまりです,-1
1960,寸づまりと,-1
1961,寸づまりの,-1
1962,寸足らずだ,-1
1963,寸足らずです,-1
1964,寸足らずと,-1
1965,寸足らずの,-1
1966,世間知らず,-1
1967,世知辛い,-1
1968,凄惨だ,-1
1969,凄惨です,-1
1970,凄惨と,-1
1971,凄惨の,-1
1972,凄絶だ,-1
1973,凄絶です,-1
1974,凄絶と,-1
1975,凄絶の,-1
1976,性悪だ,-1
1977,性悪です,-1
1978,生ぬるい,-1
1979,生硬だ,-1
1980,生硬です,-1
1981,生煮えだ,-1
1982,生煮えです,-1
1983,生煮えと,-1
1984,生煮えの,-1
1985,青臭い,-1
1986,青二才だ,-1
1987,青二才です,-1
1988,青二才と,-1
1989,青二才の,-1
1990,脆い,-1
1991,惜しい,-1
1992,惜しくも,-1
1993,拙い,-1
1994,拙劣だ,-1
1995,拙劣です,-1
1996,節度がない,-1
1997,絶体絶命だ,-1
1998,絶体絶命です,-1
1999,絶体絶命と,-1
2000,絶体絶命の,-1
2001,絶望的だ,-1
2002,絶望的です,-1
2003,舌先三寸だ,-1
2004,舌先三寸です,-1
2005,舌先三寸と,-1
2006,舌先三寸の,-1
2007,戦闘的だ,-1
2008,戦闘的です,-1
2009,浅はかだ,-1
2010,浅はかです,-1
2011,浅ましい,-1
2012,浅薄だ,-1
2013,浅薄です,-1
2014,浅慮だ,-1
2015,浅慮です,-1
2016,浅慮と,-1
2017,浅慮の,-1
2018,詮無い,-1
2019,賎しい,-1
2020,疎い,-1
2021,疎かだ,-1
2022,疎かです,-1
2023,疎ましい,-1
2024,疎略だ,-1
2025,疎略です,-1
2026,疎略と,-1
2027,疎略の,-1
2028,粗削りだ,-1
2029,粗削りです,-1
2030,粗削りと,-1
2031,粗削りの,-1
2032,粗雑だ,-1
2033,粗雑です,-1
2034,粗大だ,-1
2035,粗大です,-1
2036,粗暴だ,-1
2037,粗暴です,-1
2038,粗暴と,-1
2039,粗暴の,-1
2040,粗末だ,-1
2041,粗末です,-1
2042,粗野だ,-1
2043,粗野です,-1
2044,粗笨だ,-1
2045,粗笨です,-1
2046,粗笨と,-1
2047,粗笨の,-1
2048,素気無い,-1
2049,素っ気ない,-1
2050,素っ気もない,-1
2051,素っ気も無い,-1
2052,素っ気無い,-1
2053,素っ頓狂だ,-1
2054,素っ頓狂です,-1
2055,素頓狂だ,-1
2056,素頓狂です,-1
2057,鼠輩だ,-1
2058,鼠輩です,-1
2059,鼠輩と,-1
2060,鼠輩の,-1
2061,早計だ,-1
2062,早計です,-1
2063,早計と,-1
2064,早計の,-1
2065,騒々しい,-1
2066,騒がしい,-1
2067,騒然たる,-1
2068,騒騒しい,-1
2069,増悪,-1
2070,憎々しい,-1
2071,憎体だ,-1
2072,憎体です,-1
2073,息苦しい,-1
2074,俗っぽい,-1
2075,俗悪だ,-1
2076,俗悪です,-1
2077,俗悪と,-1
2078,俗悪の,-1
2079,俗物だ,-1
2080,俗物です,-1
2081,俗物と,-1
2082,俗物の,-1
2083,俗離れだ,-1
2084,俗離れです,-1
2085,俗離れと,-1
2086,俗離れの,-1
2087,卒爾だ,-1
2088,卒爾です,-1
2089,卒爾と,-1
2090,卒爾の,-1
2091,遜色がある,-1
2092,多情多恨だ,-1
2093,多情多恨です,-1
2094,多情多恨と,-1
2095,多情多恨の,-1
2096,惰弱だ,-1
2097,惰弱です,-1
2098,駄目,-1
2099,耐え難い,-1
2100,態とらしい,-1
2101,態度が大きい,-1
2102,大それた,-1
2103,大仰だ,-1
2104,大仰です,-1
2105,大愚だ,-1
2106,大愚です,-1
2107,大愚と,-1
2108,大愚の,-1
2109,大形だ,-1
2110,大形です,-1
2111,大嫌いだ,-1
2112,大嫌いです,-1
2113,濁るた,-1
2114,嘆かわしい,-1
2115,短慮だ,-1
2116,短慮です,-1
2117,暖簾に腕押しだ,-1
2118,暖簾に腕押しです,-1
2119,暖簾に腕押しと,-1
2120,暖簾に腕押しの,-1
2121,男尊女卑だ,-1
2122,男尊女卑です,-1
2123,男尊女卑と,-1
2124,男尊女卑の,-1
2125,値が張る,-1
2126,恥知らずだ,-1
2127,恥知らずです,-1
2128,恥知らずと,-1
2129,恥知らずの,-1
2130,恥曝しだ,-1
2131,恥曝しです,-1
2132,痴れ者だ,-1
2133,痴れ者です,-1
2134,痴れ者と,-1
2135,痴れ者の,-1
2136,稚気だ,-1
2137,稚気です,-1
2138,稚気と,-1
2139,稚気の,-1
2140,致し方ない,-1
2141,致し方無い,-1
2142,致命的だ,-1
2143,致命的です,-1
2144,遅々たる,-1
2145,遅い,-1
2146,遅緩だ,-1
2147,遅緩です,-1
2148,遅緩と,-1
2149,遅緩の,-1
2150,遅鈍だ,-1
2151,遅鈍です,-1
2152,遅鈍と,-1
2153,遅鈍の,-1
2154,茶番劇だ,-1
2155,茶番劇です,-1
2156,茶番劇と,-1
2157,茶番劇の,-1
2158,虫がいい,-1
2159,虫が好くない,-1
2160,虫のいい,-1
2161,虫酸が走る,-1
2162,張りつめる,-1
2163,張り出しすぎ,-1
2164,挑発的だ,-1
2165,挑発的です,-1
2166,調子はずれだ,-1
2167,調子はずれです,-1
2168,調子はずれと,-1
2169,調子はずれの,-1
2170,長たらしい,-1
2171,沈痛だ,-1
2172,沈痛です,-1
2173,沈鬱だ,-1
2174,沈鬱です,-1
2175,沈鬱と,-1
2176,沈鬱の,-1
2177,陳腐だ,-1
2178,陳腐です,-1
2179,痛々しい,-1
2180,痛ましい,-1
2181,低級だ,-1
2182,低級です,-1
2183,低質だ,-1
2184,低質です,-1
2185,低質と,-1
2186,低質の,-1
2187,低俗だ,-1
2188,低俗です,-1
2189,低能だ,-1
2190,低能です,-1
2191,低能と,-1
2192,低能の,-1
2193,低劣だ,-1
2194,低劣です,-1
2195,底が浅い,-1
2196,底が知れない,-1
2197,底意地の悪い,-1
2198,程遠い,-1
2199,締まりがない,-1
2200,締まりが無い,-1
2201,締まりのない,-1
2202,締まり屋だ,-1
2203,締まり屋です,-1
2204,締まり屋と,-1
2205,締まり屋の,-1
2206,締りがない,-1
2207,締りが無い,-1
2208,諦めの悪い,-1
2209,泥くさい,-1
2210,泥臭い,-1
2211,鉄面皮だ,-1
2212,鉄面皮です,-1
2213,天保銭だ,-1
2214,天保銭です,-1
2215,天保銭と,-1
2216,天保銭の,-1
2217,田舎くさい,-1
2218,田舎っぽい,-1
2219,田舎臭い,-1
2220,徒だ,-1
2221,徒です,-1
2222,徒爾だ,-1
2223,徒爾です,-1
2224,徒爾と,-1
2225,徒爾の,-1
2226,杜撰だ,-1
2227,杜撰です,-1
2228,杜撰と,-1
2229,杜撰の,-1
2230,途方もない,-1
2231,途方も無い,-1
2232,都合が悪い,-1
2233,度が強い,-1
2234,度し難い,-1
2235,土くさい,-1
2236,土臭い,-1
2237,怒りっぽい,-1
2238,怒り心頭だ,-1
2239,怒り心頭です,-1
2240,怒り心頭と,-1
2241,怒り心頭に発する,-1
2242,怒り心頭の,-1
2243,盗人猛猛しい,-1
2244,逃げ腰だ,-1
2245,逃げ腰です,-1
2246,逃げ腰と,-1
2247,逃げ腰の,-1
2248,頭が固い,-1
2249,頭が高い,-1
2250,頭へ来る,-1
2251,頭をひねる,-1
2252,頭を捻る,-1
2253,頭を冷やす,-1
2254,道理に外れた,-1
2255,得体の知れない,-1
2256,毒にも薬にもならぬ,-1
2257,毒々しい,-1
2258,独断的だ,-1
2259,独断的です,-1
2260,突拍子もない,-1
2261,突慳貪だ,-1
2262,突慳貪です,-1
2263,豚に真珠だ,-1
2264,豚に真珠です,-1
2265,豚に真珠と,-1
2266,豚に真珠の,-1
2267,鈍,-1
2268,鈍臭い,-1
2269,鈍根だ,-1
2270,鈍根です,-1
2271,鈍根と,-1
2272,鈍根の,-1
2273,鈍重だ,-1
2274,鈍重です,-1
2275,鈍重と,-1
2276,鈍重の,-1
2277,鈍物だ,-1
2278,鈍物です,-1
2279,鈍物と,-1
2280,鈍物の,-1
2281,内弁慶だ,-1
2282,内弁慶です,-1
2283,内弁慶と,-1
2284,内弁慶の,-1
2285,馴れ馴れしい,-1
2286,難がある,-1
2287,難物だ,-1
2288,難物です,-1
2289,難物と,-1
2290,難物の,-1
2291,二の句がつげない,-1
2292,二目と見られない,-1
2293,日陰者だ,-1
2294,日陰者です,-1
2295,日陰者と,-1
2296,日陰者の,-1
2297,乳臭だ,-1
2298,乳臭です,-1
2299,乳臭と,-1
2300,乳臭の,-1
2301,乳臭い,-1
2302,入りづらい,-1
2303,入りにくい,-1
2304,如何わしい,-1
2305,猫に小判だ,-1
2306,猫に小判です,-1
2307,猫に小判と,-1
2308,猫に小判の,-1
2309,猫の額だ,-1
2310,猫の額です,-1
2311,猫の額と,-1
2312,猫の額の,-1
2313,熱鬧だ,-1
2314,熱鬧です,-1
2315,熱鬧と,-1
2316,熱鬧の,-1
2317,年寄りくさい,-1
2318,粘っこい,-1
2319,悩ましい,-1
2320,能なし,-1
2321,能無しだ,-1
2322,能無しです,-1
2323,能無しと,-1
2324,能無しの,-1
2325,波がある,-1
2326,派手好みだ,-1
2327,派手好みです,-1
2328,派手好みと,-1
2329,派手好みの,-1
2330,破壊的だ,-1
2331,破壊的です,-1
2332,破戒無慙だ,-1
2333,破戒無慙です,-1
2334,破戒無慙と,-1
2335,破戒無慙の,-1
2336,破滅的だ,-1
2337,破滅的です,-1
2338,破廉恥だ,-1
2339,破廉恥です,-1
2340,破廉恥と,-1
2341,破廉恥の,-1
2342,馬の耳に念仏,-1
2343,馬耳東風だ,-1
2344,馬耳東風です,-1
2345,馬耳東風と,-1
2346,馬耳東風の,-1
2347,馬鹿くさい,-1
2348,馬鹿にする,-1
2349,馬鹿者,-1
2350,馬鹿野郎だ,-1
2351,馬鹿野郎です,-1
2352,馬鹿野郎と,-1
2353,馬鹿野郎の,-1
2354,馬鹿らしい,-1
2355,馬鹿臭い,-1
2356,馬鹿馬鹿しい,-1
2357,背筋が寒くなる,-1
2358,買い得です,-1
2359,売国奴だ,-1
2360,売国奴です,-1
2361,売国奴と,-1
2362,売国奴の,-1
2363,白々しい,-1
2364,白眼視する,-1
2365,薄ぎたない,-1
2366,薄ぐらい,-1
2367,薄っぺらだ,-1
2368,薄っぺらです,-1
2369,薄暗い,-1
2370,薄汚い,-1
2371,薄気味悪い,-1
2372,薄馬鹿だ,-1
2373,薄馬鹿です,-1
2374,薄馬鹿と,-1
2375,薄馬鹿の,-1
2376,薄氷を踏む思いだ,-1
2377,薄氷を踏む思いです,-1
2378,薄氷を踏む思いと,-1
2379,薄氷を踏む思いの,-1
2380,迫力がない,-1
2381,漠漠だ,-1
2382,漠漠です,-1
2383,漠漠と,-1
2384,漠漠の,-1
2385,莫迦だ,-1
2386,莫迦です,-1
2387,莫迦と,-1
2388,莫迦の,-1
2389,八方美人だ,-1
2390,八方美人です,-1
2391,八方美人と,-1
2392,八方美人の,-1
2393,髪の毛を逆立てる,-1
2394,罰金もの,-1
2395,抜差しならない,-1
2396,半可通だ,-1
2397,半可通です,-1
2398,半可通と,-1
2399,半可通の,-1
2400,半間だ,-1
2401,半間です,-1
2402,半人前だ,-1
2403,半人前です,-1
2404,半人前と,-1
2405,半人前の,-1
2406,反りが合わない,-1
2407,反対だ,-1
2408,繁雑だ,-1
2409,繁雑です,-1
2410,煩わしい,-1
2411,卑しい,-1
2412,卑しんぼうだ,-1
2413,卑しんぼうです,-1
2414,卑しんぼうと,-1
2415,卑しんぼうの,-1
2416,卑しん坊だ,-1
2417,卑しん坊です,-1
2418,卑しん坊と,-1
2419,卑しん坊の,-1
2420,卑わいだ,-1
2421,卑わいです,-1
2422,卑賎だ,-1
2423,卑賎です,-1
2424,卑賎と,-1
2425,卑賎の,-1
2426,卑俗だ,-1
2427,卑俗です,-1
2428,卑劣だ,-1
2429,卑劣です,-1
2430,卑猥だ,-1
2431,卑猥です,-1
2432,卑陋だ,-1
2433,卑陋です,-1
2434,卑陋と,-1
2435,卑陋の,-1
2436,否定的だ,-1
2437,否定的です,-1
2438,悲しい,-1
2439,悲酸だ,-1
2440,悲酸です,-1
2441,悲壮だ,-1
2442,悲壮です,-1
2443,悲壮と,-1
2444,悲壮の,-1
2445,悲愴だ,-1
2446,悲愴です,-1
2447,悲愴と,-1
2448,悲愴の,-1
2449,皮相だ,-1
2450,皮相です,-1
2451,非人道的だ,-1
2452,非人道的です,-1
2453,非の打ち所がある,-1
2454,尾篭だ,-1
2455,尾篭です,-1
2456,鼻に付く,-1
2457,鼻っぱしが強い,-1
2458,鼻っ柱が強い,-1
2459,鼻持ちがならない,-1
2460,鼻持ちならない,-1
2461,鼻息が荒い,-1
2462,表六玉だ,-1
2463,表六玉です,-1
2464,表六玉と,-1
2465,表六玉の,-1
2466,品がない,-1
2467,貧しい,-1
2468,貧寒だ,-1
2469,貧寒です,-1
2470,貧寒と,-1
2471,貧寒の,-1
2472,貧賎だ,-1
2473,貧賎です,-1
2474,貧相だ,-1
2475,貧相です,-1
2476,貧相と,-1
2477,貧相の,-1
2478,貧乏くさい,-1
2479,貧乏人だ,-1
2480,貧乏人です,-1
2481,貧乏人と,-1
2482,貧乏人の,-1
2483,不似合だ,-1
2484,不似合です,-1
2485,不似合と,-1
2486,不似合の,-1
2487,不深切だ,-1
2488,不深切です,-1
2489,不深切と,-1
2490,不深切の,-1
2491,不釣り合いだ,-1
2492,不釣り合いです,-1
2493,不釣り合いと,-1
2494,不釣り合いの,-1
2495,不熱心だ,-1
2496,不熱心です,-1
2497,不勉強,-1
2498,不ぞろいだ,-1
2499,不ぞろいです,-1
2500,不ぞろいと,-1
2501,不ぞろいの,-1
2502,不まじめだ,-1
2503,不まじめです,-1
2504,不穏だ,-1
2505,不穏です,-1
2506,不穏当だ,-1
2507,不穏当です,-1
2508,不穏当と,-1
2509,不穏当の,-1
2510,不可解だ,-1
2511,不可解です,-1
2512,不可思議だ,-1
2513,不可思議です,-1
2514,不格好だ,-1
2515,不格好です,-1
2516,不格好と,-1
2517,不格好の,-1
2518,不恰好だ,-1
2519,不恰好です,-1
2520,不恰好と,-1
2521,不恰好の,-1
2522,不謹慎だ,-1
2523,不謹慎です,-1
2524,不見識だ,-1
2525,不見識です,-1
2526,不甲斐ない,-1
2527,不行き届きだ,-1
2528,不行き届きです,-1
2529,不行届だ,-1
2530,不行届です,-1
2531,不行届きだ,-1
2532,不行届きです,-1
2533,不作法だ,-1
2534,不作法です,-1
2535,不作法と,-1
2536,不作法の,-1
2537,不充分だ,-1
2538,不充分です,-1
2539,不承知だ,-1
2540,不承知です,-1
2541,不承知と,-1
2542,不承知の,-1
2543,不粋だ,-1
2544,不粋です,-1
2545,不粋と,-1
2546,不粋の,-1
2547,不正直だ,-1
2548,不正直です,-1
2549,不正直と,-1
2550,不正直の,-1
2551,不精者,-1
2552,不誠実だ,-1
2553,不誠実です,-1
2554,不鮮明だ,-1
2555,不鮮明です,-1
2556,不相応だ,-1
2557,不相応です,-1
2558,不相応と,-1
2559,不相応の,-1
2560,不束だ,-1
2561,不束です,-1
2562,不体裁だ,-1
2563,不体裁です,-1
2564,不退転だ,-1
2565,不退転です,-1
2566,不退転と,-1
2567,不退転の,-1
2568,不釣合だ,-1
2569,不釣合です,-1
2570,不定だ,-1
2571,不定です,-1
2572,不適だ,-1
2573,不適です,-1
2574,不適と,-1
2575,不適の,-1
2576,不適切だ,-1
2577,不適切です,-1
2578,不適当だ,-1
2579,不適当です,-1
2580,不適当と,-1
2581,不適当の,-1
2582,不徹底だ,-1
2583,不徹底です,-1
2584,不透明だ,-1
2585,不透明です,-1
2586,不同だ,-1
2587,不同です,-1
2588,不得要領だ,-1
2589,不得要領です,-1
2590,不得要領と,-1
2591,不得要領の,-1
2592,不評を買う,-1
2593,不敏だ,-1
2594,不敏です,-1
2595,不本意だ,-1
2596,不本意です,-1
2597,不味い,-1
2598,不明瞭だ,-1
2599,不明瞭です,-1
2600,不明朗だ,-1
2601,不明朗です,-1
2602,不面目だ,-1
2603,不面目です,-1
2604,不慮だ,-1
2605,不慮です,-1
2606,不慮と,-1
2607,不慮の,-1
2608,不躾だ,-1
2609,不躾です,-1
2610,不躾と,-1
2611,不躾の,-1
2612,付けにくい,-1
2613,付け焼き刃だ,-1
2614,付け焼き刃です,-1
2615,付け焼き刃と,-1
2616,付け焼き刃の,-1
2617,敷居が高い,-1
2618,浮き腰だ,-1
2619,浮き腰です,-1
2620,浮き腰と,-1
2621,浮き腰の,-1
2622,浮き足立つ,-1
2623,浮薄だ,-1
2624,浮薄です,-1
2625,浮薄と,-1
2626,浮薄の,-1
2627,風の前のちりだ,-1
2628,風の前のちりです,-1
2629,風の前のちりと,-1
2630,風の前のちりの,-1
2631,風向きが悪い,-1
2632,風上にも置けない,-1
2633,風来坊だ,-1
2634,風来坊です,-1
2635,風来坊と,-1
2636,風来坊の,-1
2637,腹が黒い,-1
2638,腹が立つ,-1
2639,腹の立つ,-1
2640,腹汚い,-1
2641,腹だつ,-1
2642,腹黒い,-1
2643,複雑怪奇だ,-1
2644,複雑怪奇です,-1
2645,複雑怪奇と,-1
2646,複雑怪奇の,-1
2647,覆水盆に返るぬ,-1
2648,物々しい,-1
2649,物わかりが悪い,-1
2650,物わかりの悪い,-1
2651,物恐ろしい,-1
2652,物見高い,-1
2653,物寂しい,-1
2654,物臭だ,-1
2655,物臭です,-1
2656,物臭と,-1
2657,物臭の,-1
2658,物凄まじい,-1
2659,物足りない,-1
2660,物体無い,-1
2661,物悲しい,-1
2662,物物しい,-1
2663,物憂い,-1
2664,分がわるい,-1
2665,分が悪い,-1
2666,分からず屋,-1
2667,分かりづらい,-1
2668,分別臭い,-1
2669,紛い物だ,-1
2670,紛い物です,-1
2671,紛い物と,-1
2672,紛い物の,-1
2673,紛然だ,-1
2674,紛然です,-1
2675,紛然と,-1
2676,紛然の,-1
2677,紛紛だ,-1
2678,紛紛です,-1
2679,紛紛と,-1
2680,紛紛の,-1
2681,文無しだ,-1
2682,文無しです,-1
2683,文無しと,-1
2684,文無しの,-1
2685,聞きづらい,-1
2686,聞きにくい,-1
2687,聞き苦しい,-1
2688,聞き辛い,-1
2689,聞き分けのない,-1
2690,聞く〜にくい,-1
2691,聞苦しい,-1
2692,兵六玉だ,-1
2693,兵六玉です,-1
2694,兵六玉と,-1
2695,兵六玉の,-1
2696,米食い虫だ,-1
2697,米食い虫です,-1
2698,米食い虫と,-1
2699,米食い虫の,-1
2700,癖がある,-1
2701,蔑む,-1
2702,蔑ろだ,-1
2703,蔑ろです,-1
2704,偏狭だ,-1
2705,偏狭です,-1
2706,偏屈だ,-1
2707,偏屈です,-1
2708,偏窟だ,-1
2709,偏窟です,-1
2710,変ちきりんだ,-1
2711,変ちきりんです,-1
2712,変ちくりんだ,-1
2713,変ちくりんです,-1
2714,変則的だ,-1
2715,変則的です,-1
2716,片意地だ,-1
2717,片意地です,-1
2718,片意地と,-1
2719,片意地の,-1
2720,片寄る,-1
2721,片腹痛い,-1
2722,辺ぴだ,-1
2723,辺ぴです,-1
2724,辺鄙だ,-1
2725,辺鄙です,-1
2726,放佚だ,-1
2727,放佚です,-1
2728,法外だ,-1
2729,法外です,-1
2730,飽きが来る,-1
2731,飽き足りない,-1
2732,飽くっぽい,-1
2733,乏しい,-1
2734,忙しい,-1
2735,暴悪だ,-1
2736,暴悪です,-1
2737,暴悪と,-1
2738,暴悪の,-1
2739,暴慢だ,-1
2740,暴慢です,-1
2741,暴戻だ,-1
2742,暴戻です,-1
2743,暴戻と,-1
2744,暴戻の,-1
2745,暴力的だ,-1
2746,暴力的です,-1
2747,謀叛人,-1
2748,朴念仁だ,-1
2749,朴念仁です,-1
2750,朴念仁と,-1
2751,朴念仁の,-1
2752,凡愚だ,-1
2753,凡愚です,-1
2754,凡愚と,-1
2755,凡愚の,-1
2756,凡骨だ,-1
2757,凡骨です,-1
2758,凡骨と,-1
2759,凡骨の,-1
2760,埋もれる,-1
2761,末恐ろしい,-1
2762,慢性的だ,-1
2763,慢性的です,-1
2764,漫ろだ,-1
2765,漫ろです,-1
2766,味がない,-1
2767,味もそっけもない,-1
2768,味もそっけも無い,-1
2769,味も素気もない,-1
2770,味気ない,-1
2771,味気無い,-1
2772,味噌っ滓だ,-1
2773,味噌っ滓です,-1
2774,味噌っ滓と,-1
2775,味噌っ滓の,-1
2776,未練がましい,-1
2777,魅力がない,-1
2778,妙ちきりんだ,-1
2779,妙ちきりんです,-1
2780,無細工だ,-1
2781,無細工です,-1
2782,無細工と,-1
2783,無細工の,-1
2784,無愛敬だ,-1
2785,無愛敬です,-1
2786,無愛敬と,-1
2787,無愛敬の,-1
2788,無愛嬌だ,-1
2789,無愛嬌です,-1
2790,無愛嬌と,-1
2791,無愛嬌の,-1
2792,無闇矢鱈だ,-1
2793,無闇矢鱈です,-1
2794,無意義だ,-1
2795,無意義です,-1
2796,無為だ,-1
2797,無為です,-1
2798,無縁だ,-1
2799,無縁です,-1
2800,無音だ,-1
2801,無音です,-1
2802,無音と,-1
2803,無音の,-1
2804,無機的だ,-1
2805,無機的です,-1
2806,無気味だ,-1
2807,無気味です,-1
2808,無気味と,-1
2809,無気味の,-1
2810,無骨だ,-1
2811,無骨です,-1
2812,無骨と,-1
2813,無骨の,-1
2814,無作法だ,-1
2815,無作法です,-1
2816,無作法と,-1
2817,無作法の,-1
2818,無粋だ,-1
2819,無粋です,-1
2820,無恥だ,-1
2821,無恥です,-1
2822,無恥と,-1
2823,無恥の,-1
2824,無鉄砲だ,-1
2825,無鉄砲です,-1
2826,無頓着だ,-1
2827,無頓着です,-1
2828,無礼窮まりない,-1
2829,冥々だ,-1
2830,冥々です,-1
2831,冥々と,-1
2832,冥々の,-1
2833,名ばかりだ,-1
2834,名ばかりです,-1
2835,名ばかりと,-1
2836,名ばかりの,-1
2837,名残惜しい,-1
2838,命知らずだ,-1
2839,命知らずです,-1
2840,命知らずと,-1
2841,命知らずの,-1
2842,滅相だ,-1
2843,滅相です,-1
2844,滅相も無い,-1
2845,滅多矢鱈だ,-1
2846,滅多矢鱈です,-1
2847,滅茶だ,-1
2848,滅茶です,-1
2849,滅茶苦茶だ,-1
2850,滅茶苦茶です,-1
2851,滅茶滅茶だ,-1
2852,滅茶滅茶です,-1
2853,面の皮が厚い,-1
2854,面はゆい,-1
2855,面映ゆい,-1
2856,面憎い,-1
2857,面倒い,-1
2858,面倒臭い,-1
2859,面白みがない,-1
2860,模糊だ,-1
2861,模糊です,-1
2862,模糊と,-1
2863,模糊の,-1
2864,妄りだ,-1
2865,妄りです,-1
2866,毛羽立つ,-1
2867,盲信的だ,-1
2868,盲信的です,-1
2869,木で鼻をくくったようだ,-1
2870,木偶坊だ,-1
2871,木偶坊です,-1
2872,木偶坊と,-1
2873,木偶坊の,-1
2874,木偶の坊だ,-1
2875,木偶の坊です,-1
2876,木偶の坊と,-1
2877,木偶の坊の,-1
2878,目が回る,-1
2879,目に余る,-1
2880,目もあてられない,-1
2881,目もくれない,-1
2882,目をむく,-1
2883,目を回す,-1
2884,目を剥く,-1
2885,目を瞑る,-1
2886,目茶だ,-1
2887,目茶です,-1
2888,勿体ない,-1
2889,問題児だ,-1
2890,問題児です,-1
2891,問題児と,-1
2892,問題児の,-1
2893,悶悶だ,-1
2894,悶悶です,-1
2895,悶悶と,-1
2896,悶悶の,-1
2897,爺むさい,-1
2898,野卑だ,-1
2899,野卑です,-1
2900,野暮だ,-1
2901,野暮です,-1
2902,野暮ったい,-1
2903,野暮天だ,-1
2904,野暮天です,-1
2905,野暮天と,-1
2906,野暮天の,-1
2907,野鄙だ,-1
2908,野鄙です,-1
2909,野鄙と,-1
2910,野鄙の,-1
2911,油っこい,-1
2912,油断大敵だ,-1
2913,油断大敵です,-1
2914,油断大敵と,-1
2915,油断大敵の,-1
2916,憂い,-1
2917,憂うつだ,-1
2918,憂うつです,-1
2919,有り勝ちだ,-1
2920,有り勝ちです,-1
2921,有り得るない,-1
2922,有頂天だ,-1
2923,有頂天です,-1
2924,有頂天と,-1
2925,有頂天の,-1
2926,有難迷惑だ,-1
2927,有難迷惑です,-1
2928,由々しい,-1
2929,由無い,-1
2930,由由しい,-1
2931,遊びがない,-1
2932,融通の利かない,-1
2933,余儀ない,-1
2934,余計だ,-1
2935,余計です,-1
2936,余裕がない,-1
2937,余裕はない,-1
2938,与太だ,-1
2939,与太です,-1
2940,与太と,-1
2941,与太の,-1
2942,妖しい,-1
2943,揺らぐ,-1
2944,要注意だ,-1
2945,要注意です,-1
2946,要注意と,-1
2947,要注意の,-1
2948,欲深い,-1
2949,欲深だ,-1
2950,欲深です,-1
2951,欲深と,-1
2952,欲深の,-1
2953,欲張りだ,-1
2954,欲張りです,-1
2955,欲張りと,-1
2956,欲張りの,-1
2957,頼み少ない,-1
2958,頼めない,-1
2959,頼りない,-1
2960,頼り無い,-1
2961,落ちぶれる,-1
2962,落ち着かない,-1
2963,落ち着きのない,-1
2964,落ち着きの無い,-1
2965,乱脈だ,-1
2966,乱脈です,-1
2967,裏目だ,-1
2968,裏目です,-1
2969,裏目と,-1
2970,裏目の,-1
2971,率爾だ,-1
2972,率爾です,-1
2973,率爾と,-1
2974,率爾の,-1
2975,立遅れる,-1
2976,竜頭蛇尾だ,-1
2977,竜頭蛇尾です,-1
2978,竜頭蛇尾と,-1
2979,竜頭蛇尾の,-1
2980,涼しい顔だ,-1
2981,涼しい顔です,-1
2982,涼しい顔と,-1
2983,涼しい顔の,-1
2984,良いない,-1
2985,力無げだ,-1
2986,力無げです,-1
2987,淋しい,-1
2988,累卵だ,-1
2989,累卵です,-1
2990,累卵と,-1
2991,累卵の,-1
2992,冷やかだ,-1
2993,冷やかです,-1
2994,冷ややかだ,-1
2995,冷ややかです,-1
2996,冷や冷や,-1
2997,冷酷だ,-1
2998,冷酷です,-1
2999,冷酷と,-1
3000,冷酷の,-1
3001,冷然だ,-1
3002,冷然です,-1
3003,冷然と,-1
3004,冷然の,-1
3005,冷淡だ,-1
3006,冷淡です,-1
3007,劣だ,-1
3008,劣です,-1
3009,劣と,-1
3010,劣の,-1
3011,劣る,-1
3012,憐れだ,-1
3013,憐れです,-1
3014,蓮っ葉だ,-1
3015,蓮っ葉です,-1
3016,労しい,-1
3017,老醜だ,-1
3018,老醜です,-1
3019,老醜と,-1
3020,老醜の,-1
3021,論外だ,-1
3022,論外です,-1
3023,話にならない,-1
3024,佶屈だ,-1
3025,佶屈です,-1
3026,侘しい,-1
3027,傲岸だ,-1
3028,傲岸です,-1
3029,凛冽だ,-1
3030,凛冽です,-1
3031,凛冽と,-1
3032,凛冽の,-1
3033,吝ん坊だ,-1
3034,吝ん坊です,-1
3035,吝ん坊と,-1
3036,吝ん坊の,-1
3037,埒があくない,-1
3038,奢る,-1
3039,奸悪だ,-1
3040,奸悪です,-1
3041,奸悪と,-1
3042,奸悪の,-1
3043,奸賊だ,-1
3044,奸賊です,-1
3045,奸賊と,-1
3046,奸賊の,-1
3047,寥寥だ,-1
3048,寥寥です,-1
3049,寥寥と,-1
3050,寥寥の,-1
3051,尠少だ,-1
3052,尠少です,-1
3053,嶮難だ,-1
3054,嶮難です,-1
3055,怱忙だ,-1
3056,怱忙です,-1
3057,怱忙と,-1
3058,怱忙の,-1
3059,恬然の,-1
3060,悄然だ,-1
3061,悄然です,-1
3062,悄然と,-1
3063,悄然の,-1
3064,慄然だ,-1
3065,慄然です,-1
3066,慄然と,-1
3067,慄然の,-1
3068,憮然だ,-1
3069,憮然です,-1
3070,憮然と,-1
3071,憮然の,-1
3072,懦弱だ,-1
3073,懦弱です,-1
3074,懶い,-1
3075,朧だ,-1
3076,朧です,-1
3077,鬱陶しい,-1
3078,渾沌だ,-1
3079,渾沌です,-1
3080,渾沌と,-1
3081,渾沌の,-1
3082,熾烈だ,-1
3083,熾烈です,-1
3084,狡い,-1
3085,狡辛い,-1
3086,狡猾だ,-1
3087,狡猾です,-1
3088,狡獪だ,-1
3089,狡獪です,-1
3090,狡獪と,-1
3091,狡獪の,-1
3092,狷介だ,-1
3093,狷介です,-1
3094,猥雑だ,-1
3095,猥雑です,-1
3096,猥雑と,-1
3097,猥雑の,-1
3098,猥褻だ,-1
3099,猥褻です,-1
3100,獰猛だ,-1
3101,獰猛です,-1
3102,獰猛と,-1
3103,獰猛の,-1
3104,瑣細だ,-1
3105,瑣細です,-1
3106,瑣末だ,-1
3107,瑣末です,-1
3108,疚しい,-1
3109,癇に障る,-1
3110,穢い,-1
3111,穢らしい,-1
3112,穢らわしい,-1
3113,羞悪だ,-1
3114,羞悪です,-1
3115,羞悪と,-1
3116,羞悪の,-1
3117,羸弱だ,-1
3118,羸弱です,-1
3119,翳りだ,-1
3120,翳りです,-1
3121,翳りと,-1
3122,翳りの,-1
3123,耄碌,-1
3124,聊爾だ,-1
3125,聊爾です,-1
3126,腑ぬけだ,-1
3127,腑ぬけです,-1
3128,腑ぬけと,-1
3129,腑ぬけの,-1
3130,腑甲斐ない,-1
3131,腑抜けだ,-1
3132,腑抜けです,-1
3133,腑抜けと,-1
3134,腑抜けの,-1
3135,茫漠です,-1
3136,茫漠と,-1
3137,茫漠の,-1
3138,茫洋だ,-1
3139,茫洋です,-1
3140,褊狭だ,-1
3141,褊狭です,-1
3142,褊狭と,-1
3143,褊狭の,-1
3144,訝しい,-1
3145,諤々です,-1
3146,諤々と,-1
3147,諤々の,-1
3148,諤諤だ,-1
3149,諤諤です,-1
3150,諤諤と,-1
3151,諤諤の,-1
3152,贅沢すぎる,-1
3153,躁急だ,-1
3154,躁急です,-1
3155,遽しい,-1
3156,鄙劣だ,-1
3157,鄙劣です,-1
3158,鄙猥だ,-1
3159,鄙猥です,-1
3160,鄙陋だ,-1
3161,鄙陋です,-1
3162,鄙陋と,-1
3163,鄙陋の,-1
3164,陋劣だ,-1
3165,陋劣です,-1
3166,驕傲だ,-1
3167,驕傲です,-1
3168,驕傲と,-1
3169,驕傲の,-1
3170,驕奢だ,-1
3171,驕奢です,-1
3172,,1
3173,あこがれる,1
3174,あじわう,1
3175,かなう,1
3176,こだわりがある,1
3177,したう,1
3178,すがすがしい,1
3179,すすめる,1
3180,そろう,1
3181,できあがる,1
3182,なおる,1
3183,ぬぐえる,1
3184,はかどる,1
3185,はがせる,1
3186,はずせる,1
3187,はたせる,1
3188,ほっとする,1
3189,ほめる,1
3190,ほれる,1
3191,ほれ込む,1
3192,まぬがれる,1
3193,みたす,1
3194,もてなしてもらう,1
3195,やせる,1
3196,よろこぶ,1
3197,ストレスがない,1
3198,愛される,1
3199,扱うことができる,1
3200,扱うことはできる,1
3201,扱える,1
3202,慰めてもらう,1
3203,移すことができる,1
3204,移すことはできる,1
3205,移せる,1
3206,育つ,1
3207,育ててくれる,1
3208,育ててもらう,1
3209,飲み干せる,1
3210,飲み込める,1
3211,温まる,1
3212,改める,1
3213,開けれる,1
3214,開けることができる,1
3215,開けることはできる,1
3216,外すことができる,1
3217,外すことはできる,1
3218,外せる,1
3219,楽しい,1
3220,楽しむ,1
3221,恰好がつく,1
3222,活かす,1
3223,叶う,1
3224,寛ぐ,1
3225,感無量だ,1
3226,感無量です,1
3227,感無量と,1
3228,感無量の,1
3229,慣れる,1
3230,貫くことができる,1
3231,貫くことはできる,1
3232,貫ける,1
3233,間に合う,1
3234,頑張る,1
3235,頑張れる,1
3236,喜ぶ,1
3237,気にいる,1
3238,気に入る,1
3239,気持がいい,1
3240,気持ちがいい,1
3241,気持ちいい,1
3242,気持ち良い,1
3243,貴ぶ,1
3244,救う,1
3245,教えてもらう,1
3246,胸が踊る,1
3247,胸のすくような,1
3248,曲げることができる,1
3249,曲げることはできる,1
3250,極める,1
3251,薫る,1
3252,契約開始できる,1
3253,契約更新できる,1
3254,契約成立できる,1
3255,敬う,1
3256,建てることができる,1
3257,建てることはできる,1
3258,研くことができる,1
3259,研くことはできる,1
3260,研ぐことができる,1
3261,研ぐことはできる,1
3262,研ける,1
3263,研げる,1
3264,肩の荷がおりる,1
3265,肩身が広い,1
3266,見せることができる,1
3267,見せることはできる,1
3268,減らすことができる,1
3269,減らすことはできる,1
3270,好く,1
3271,好む,1
3272,耕すことができる,1
3273,耕すことはできる,1
3274,耕せる,1
3275,合わせることができる,1
3276,合わせることはできる,1
3277,惚れこむ,1
3278,惚れる,1
3279,惚れ惚れ,1
3280,惚れ込む,1
3281,産まれる,1
3282,産むことができる,1
3283,産むことはできる,1
3284,産める,1
3285,支払うことができる,1
3286,支払うことはできる,1
3287,支払える,1
3288,似合う,1
3289,治しれもらう,1
3290,治る,1
3291,自信がある,1
3292,実る,1
3293,惹かれる,1
3294,取り除くことができる,1
3295,取り除くことはできる,1
3296,取り除ける,1
3297,受け付けられる,1
3298,授かる,1
3299,授けてもらう,1
3300,収まる,1
3301,修める,1
3302,祝ってもらう,1
3303,出来上る,1
3304,出来る,1
3305,出来上がる,1
3306,潤う,1
3307,助かる,1
3308,勝つ,1
3309,勝てる,1
3310,譲ってもらう,1
3311,伸びる,1
3312,信じる,1
3313,心酔する,1
3314,親しむ,1
3315,吹ける,1
3316,遂げる,1
3317,澄む,1
3318,整う,1
3319,晴れる,1
3320,盛り上げる,1
3321,掻き立てる,1
3322,送ってもらう,1
3323,贈る,1
3324,足りる,1
3325,足る,1
3326,揃う,1
3327,揃えることができる,1
3328,揃えることはできる,1
3329,待ち遠しい,1
3330,待遠しい,1
3331,鍛えてくれる,1
3332,鍛えてもらう,1
3333,断ち切る,1
3334,断切る,1
3335,暖める,1
3336,知らせてもらう,1
3337,蓄える,1
3338,貯える,1
3339,貯める,1
3340,調う,1
3341,調べることができる,1
3342,調べることはできる,1
3343,調べるてもらう,1
3344,跳べる,1
3345,捗る,1
3346,直してもらう,1
3347,直る,1
3348,適う,1
3349,動かせる,1
3350,動かすことができる,1
3351,動かすことはできる,1
3352,動くことができる,1
3353,動くことはできる,1
3354,動ける,1
3355,導くことができる,1
3356,導くことはできる,1
3357,導ける,1
3358,憧れる,1
3359,匂う,1
3360,入れてもらう,1
3361,買い戻せる,1
3362,薄らぐ,1
3363,付き合う,1
3364,富む,1
3365,撫でてもらう,1
3366,編むことができる,1
3367,編むことはできる,1
3368,編める,1
3369,保つ,1
3370,縫える,1
3371,望める,1
3372,満たすことができる,1
3373,満たすことはできる,1
3374,満腹,1
3375,味わう,1
3376,免れる,1
3377,儲る,1
3378,儲かる,1
3379,優る,1
3380,落ち着く,1
3381,落ち着ける,1
3382,履ける,1
3383,理解できる,1
3384,離せる,1
3385,労ってもらう,1
3386,賄うことができる,1
3387,賄うことはできる,1
3388,賄える,1
3389,恍惚だ,1
3390,恍惚です,1
3391,恍惚と,1
3392,恍惚の,1
3393,憬れる,1
3394,挾める,1
3395,揉んでもらう,1
3396,,1
3397,ＧＯＯＤ,1
3398,Ｇｏｏｄ,1
3399,ＶＩＰだ,1
3400,ＶＩＰです,1
3401,ＶＩＰと,1
3402,ＶＩＰの,1
3403,ｇｏｏｄ,1
3404,あう,1
3405,あか抜ける,1
3406,あでやかだ,1
3407,あでやかです,1
3408,あわせやすい,1
3409,いい,1
3410,いいあんばい,1
3411,いい感じだ,1
3412,いい感じです,1
3413,いい感じと,1
3414,いい感じの,1
3415,いい気持ちだ,1
3416,いい気持ちです,1
3417,いい気持ちと,1
3418,いい気持ちの,1
3419,いい気分だ,1
3420,いい気分です,1
3421,いい気分と,1
3422,いい気分の,1
3423,いい具合だ,1
3424,いい具合です,1
3425,いい具合と,1
3426,いい具合の,1
3427,いかす,1
3428,いじらしい,1
3429,いたいけだ,1
3430,いたいけです,1
3431,いとおしい,1
3432,うきうき,1
3433,うっとり,1
3434,うなづける,1
3435,うまい,1
3436,えり抜きだ,1
3437,えり抜きです,1
3438,えり抜きと,1
3439,えり抜きの,1
3440,おいしい,1
3441,おおらかだ,1
3442,おおらかです,1
3443,おしゃまだ,1
3444,おしゃまです,1
3445,おしゃまと,1
3446,おしゃまの,1
3447,おすすめだ,1
3448,おすすめです,1
3449,おすすめと,1
3450,おすすめの,1
3451,おとなしやかだ,1
3452,おとなしやかです,1
3453,おなじみだ,1
3454,おなじみです,1
3455,おなじみと,1
3456,おなじみの,1
3457,お気にいりだ,1
3458,お気にいりです,1
3459,お気にいりと,1
3460,お気にいりの,1
3461,お気に入りだ,1
3462,お気に入りです,1
3463,お気に入りと,1
3464,お気に入りの,1
3465,お茶の子さいさいだ,1
3466,お茶の子さいさいです,1
3467,お茶の子さいさいと,1
3468,お茶の子さいさいの,1
3469,お買い得だ,1
3470,お買い得です,1
3471,お買い得と,1
3472,お買い得の,1
3473,かいがいしい,1
3474,かしこい,1
3475,かっちり,1
3476,かっ達だ,1
3477,かっ達です,1
3478,かわいらしい,1
3479,きっちり,1
3480,きびきび,1
3481,きびきびする,1
3482,きめ細かだ,1
3483,きめ細かです,1
3484,きめ細かい,1
3485,きらめく,1
3486,きりりと,1
3487,くつろげる,1
3488,けざやかだ,1
3489,けざやかです,1
3490,こころよい,1
3491,こざっぱらい,1
3492,こなす,1
3493,こなせる,1
3494,こなれる,1
3495,こわいもの知るぬ,1
3496,さかしい,1
3497,さすが,1
3498,さといだ,1
3499,さといです,1
3500,さといと,1
3501,さといの,1
3502,さりげない,1
3503,ざっくばらんだ,1
3504,ざっくばらんです,1
3505,しおらしい,1
3506,したしい,1
3507,しっくり,1
3508,しっとり,1
3509,しのぐ,1
3510,しめやかだ,1
3511,しめやかです,1
3512,しゃれる,1
3513,しんなり,1
3514,すご腕だ,1
3515,すご腕です,1
3516,すご腕と,1
3517,すご腕の,1
3518,すすどい,1
3519,すばやい,1
3520,すばらしい,1
3521,すべすべ,1
3522,すらり,1
3523,ずばぬける,1
3524,ずば抜ける,1
3525,そこはかとない,1
3526,そそる,1
3527,ぞっこん,1
3528,たくましい,1
3529,たぐいまれな,1
3530,たやすい,1
3531,ちゃんと,1
3532,ちょうどいい,1
3533,ちょうど良い,1
3534,つかみやすい,1
3535,つぶらだ,1
3536,つぶらです,1
3537,つましい,1
3538,つまびらかだ,1
3539,つまびらかです,1
3540,つやつや,1
3541,つややかだ,1
3542,つややかです,1
3543,どんぴしゃり,1
3544,なじむ,1
3545,なじめる,1
3546,なつかしい,1
3547,なまめかしい,1
3548,にぎにぎしい,1
3549,のびのび,1
3550,のびやかだ,1
3551,のびやかです,1
3552,はえる,1
3553,はしこい,1
3554,ばら色だ,1
3555,ばら色です,1
3556,ばら色と,1
3557,ばら色の,1
3558,ひきしまる,1
3559,ひけをとるない,1
3560,ぴか一だ,1
3561,ぴか一です,1
3562,ぴか一と,1
3563,ぴか一の,1
3564,ぴちぴち,1
3565,ぴったり,1
3566,ふさわしい,1
3567,ふたつとない,1
3568,ふっくら,1
3569,ふんだんだ,1
3570,ふんだんです,1
3571,ふんわり,1
3572,ぷりぷり,1
3573,べた惚れ,1
3574,べらぼうだ,1
3575,べらぼうです,1
3576,べら棒だ,1
3577,べら棒です,1
3578,ほっそり,1
3579,ほのぼの,1
3580,ほほえましい,1
3581,ほれぼれ,1
3582,まずまず,1
3583,まとまる,1
3584,まばゆい,1
3585,まめやかだ,1
3586,まめやかです,1
3587,みずみずしい,1
3588,みめよい,1
3589,むつままじい,1
3590,めきめき,1
3591,めざましい,1
3592,めずらしい,1
3593,めでたい,1
3594,もっけの幸いだ,1
3595,もっけの幸いです,1
3596,もっけの幸いと,1
3597,もっけの幸いの,1
3598,もの珍しい,1
3599,やさしい,1
3600,やすやす,1
3601,やり手だ,1
3602,やり手です,1
3603,やり手と,1
3604,やり手の,1
3605,やわらかい,1
3606,やんごとない,1
3607,やんわり,1
3608,ゆかしい,1
3609,ゆったり,1
3610,ゆとりがある,1
3611,よく気が付く,1
3612,よろしい,1
3613,らい落だ,1
3614,らい落です,1
3615,りりしい,1
3616,りんとした,1
3617,わかりやすい,1
3618,わくわく,1
3619,アジがある,1
3620,イイ,1
3621,インテリジェントだ,1
3622,インテリジェントです,1
3623,インテリジェントと,1
3624,インテリジェントの,1
3625,ウケる,1
3626,エクセレント,1
3627,エポックメーキングだ,1
3628,エポックメーキングです,1
3629,オススメだ,1
3630,オススメです,1
3631,オススメと,1
3632,オススメの,1
3633,カッコいい,1
3634,カリスマ的だ,1
3635,カリスマ的です,1
3636,キビキビ,1
3637,クリアだ,1
3638,グッドだ,1
3639,グッドルッキング,1
3640,ゴージャスだ,1
3641,ゴージャスです,1
3642,シビレる,1
3643,シャレる,1
3644,シルキーだ,1
3645,シルキーです,1
3646,ジェントル,1
3647,スゲーッ,1
3648,スゴクイイ,1
3649,スペッシャル,1
3650,スポーティだ,1
3651,スポーティです,1
3652,セーフティ,1
3653,セーフティー,1
3654,ソフィスティケート,1
3655,ゾッコン,1
3656,ダンディーだ,1
3657,ダンディーです,1
3658,ダンディーと,1
3659,ダンディーの,1
3660,チャーミングだ,1
3661,チャーミングです,1
3662,デリシャス,1
3663,トップだ,1
3664,トップです,1
3665,トップと,1
3666,トップの,1
3667,トルクフル,1
3668,ドレッシーだ,1
3669,ドレッシーです,1
3670,ハイパワーだ,1
3671,ハイパワーです,1
3672,ハイパワーと,1
3673,ハイパワーの,1
3674,ハイカラだ,1
3675,ハイカラです,1
3676,ハイクラスだ,1
3677,ハイクラスです,1
3678,ハイクラスと,1
3679,ハイクラスの,1
3680,バツグン,1
3681,ビビッドだ,1
3682,ビビッドです,1
3683,ビューティフル,1
3684,ピカイチだ,1
3685,ピカイチです,1
3686,ピカイチと,1
3687,ピカイチの,1
3688,ピッタリ,1
3689,ピュアだ,1
3690,ピュアです,1
3691,ファンタスチック,1
3692,ファンタスティック,1
3693,ベストチョイス,1
3694,ベターだ,1
3695,ベターです,1
3696,ベターと,1
3697,ベターの,1
3698,マルだ,1
3699,マルです,1
3700,マルと,1
3701,マルの,1
3702,メキメキ,1
3703,メジャーだ,1
3704,メジャーです,1
3705,メリットがある,1
3706,メリハリがある,1
3707,ラクチンだ,1
3708,ラクチンです,1
3709,ラクラク,1
3710,レア,1
3711,愛くるしい,1
3712,愛しい,1
3713,愛らしい,1
3714,愛想いい,1
3715,愛想が良い,1
3716,愛想よく,1
3717,悪気のない,1
3718,扱いやすい,1
3719,安閑だ,1
3720,安閑です,1
3721,安閑と,1
3722,安閑の,1
3723,安上りだ,1
3724,安上りです,1
3725,安上りと,1
3726,安上りの,1
3727,安定する,1
3728,安定的だ,1
3729,安定的です,1
3730,偉い,1
3731,委せることができる,1
3732,委せることはできる,1
3733,威風堂々,1
3734,意欲的だ,1
3735,意欲的です,1
3736,易々だ,1
3737,易々です,1
3738,易々と,1
3739,易々の,1
3740,易易,1
3741,違和感がない,1
3742,違和感ない,1
3743,違和感はない,1
3744,一級品,1
3745,一糸も乱れない,1
3746,一石二鳥だ,1
3747,一石二鳥です,1
3748,一石二鳥と,1
3749,一石二鳥の,1
3750,一徹だ,1
3751,一徹です,1
3752,印象的だ,1
3753,印象的です,1
3754,印象深い,1
3755,引き伸ばせる,1
3756,引っ張りだこだ,1
3757,引っ張りだこです,1
3758,引っ張りだこと,1
3759,引っ張りだこの,1
3760,右に出るものがない,1
3761,映えばえしい,1
3762,映える,1
3763,悦ばしい,1
3764,円やかだ,1
3765,円やかです,1
3766,艶がある,1
3767,汚れにくい,1
3768,奥ゆかしい,1
3769,奥床しい,1
3770,奥深い,1
3771,押しがある,1
3772,何気ない,1
3773,何気無い,1
3774,価する,1
3775,価値がある,1
3776,価値はある,1
3777,可愛い,1
3778,可愛らしい,1
3779,可笑しい,1
3780,家庭的だ,1
3781,家庭的です,1
3782,華はある,1
3783,華々しい,1
3784,華やかさがある,1
3785,華華しい,1
3786,画期的だ,1
3787,画期的です,1
3788,会うことができる,1
3789,会うことはできる,1
3790,会える,1
3791,解放的だ,1
3792,解放的です,1
3793,快哉だ,1
3794,快哉です,1
3795,快哉と,1
3796,快哉の,1
3797,懐が深い,1
3798,開放的だ,1
3799,開放的です,1
3800,外柔内剛だ,1
3801,外柔内剛です,1
3802,外柔内剛と,1
3803,外柔内剛の,1
3804,該博だ,1
3805,該博です,1
3806,該博と,1
3807,該博の,1
3808,格好良い,1
3809,格好いい,1
3810,格上げ,1
3811,格段だ,1
3812,格段です,1
3813,格別だ,1
3814,格別です,1
3815,革新的だ,1
3816,革新的です,1
3817,学ぶことができる,1
3818,学ぶことはできる,1
3819,学べる,1
3820,楽々,1
3821,楽しめる,1
3822,楽ちんだ,1
3823,楽ちんです,1
3824,顎が落ちる,1
3825,割がいい,1
3826,割に合う,1
3827,割りに合う,1
3828,割ることができる,1
3829,割ることはできる,1
3830,活きる,1
3831,活き活き,1
3832,活気のある,1
3833,滑脱だ,1
3834,滑脱です,1
3835,噛みあう,1
3836,乾かせる,1
3837,乾かすことができる,1
3838,乾かすことはできる,1
3839,勧める,1
3840,堪能できる,1
3841,完全無欠だ,1
3842,完全無欠です,1
3843,完全無欠と,1
3844,完全無欠の,1
3845,寛げる,1
3846,寛大だ,1
3847,寛大です,1
3848,寛闊だ,1
3849,寛闊です,1
3850,干せる,1
3851,感じがいい,1
3852,感動的だ,1
3853,感動的です,1
3854,敢然,1
3855,歓ぶ,1
3856,汗の結晶,1
3857,甘露だ,1
3858,甘露です,1
3859,甘露と,1
3860,甘露の,1
3861,間然するところがない,1
3862,閑雅だ,1
3863,閑雅です,1
3864,閑閑だ,1
3865,閑閑です,1
3866,閑閑と,1
3867,閑閑の,1
3868,閑人だ,1
3869,閑人です,1
3870,閑人と,1
3871,閑人の,1
3872,顔が広い,1
3873,願ってもない,1
3874,願わしい,1
3875,危なげない,1
3876,喜ばしい,1
3877,奇跡的だ,1
3878,奇跡的です,1
3879,奇想天外だ,1
3880,奇想天外です,1
3881,奇天烈です,1
3882,嬉々として,1
3883,嬉しい,1
3884,機嫌がいい,1
3885,毅然だ,1
3886,毅然です,1
3887,毅然の,1
3888,毅然たる,1
3889,毅然と,1
3890,気がおけない,1
3891,気がきいた,1
3892,気が回る,1
3893,気が若い,1
3894,気が長い,1
3895,気が利く,1
3896,気のきいた,1
3897,気の効いた,1
3898,気の置けない,1
3899,気づよい,1
3900,気安い,1
3901,気強い,1
3902,気高い,1
3903,気丈夫だ,1
3904,気丈夫です,1
3905,気品がある,1
3906,気分がいい,1
3907,稀少だ,1
3908,稀少です,1
3909,稀少と,1
3910,稀少の,1
3911,貴い,1
3912,軌道に乗る,1
3913,輝かしい,1
3914,鬼に金棒だ,1
3915,鬼に金棒です,1
3916,鬼に金棒と,1
3917,鬼に金棒の,1
3918,宜しい,1
3919,義人,1
3920,義理堅い,1
3921,吸い込める,1
3922,吸うことができる,1
3923,吸うことはできる,1
3924,吸える,1
3925,究極的だ,1
3926,究極的です,1
3927,許せる,1
3928,強靭だ,1
3929,強靭です,1
3930,恐いもの知らず,1
3931,恭しい,1
3932,胸がすく,1
3933,興味ある,1
3934,興味がある,1
3935,興味深い,1
3936,興味津々だ,1
3937,興味津々です,1
3938,興味津々と,1
3939,興味津々の,1
3940,驚異的だ,1
3941,驚異的です,1
3942,筋金入りだ,1
3943,筋金入りです,1
3944,筋金入りと,1
3945,筋金入りの,1
3946,近代的だ,1
3947,近代的です,1
3948,金になる,1
3949,金城鉄壁だ,1
3950,金城鉄壁です,1
3951,金城鉄壁と,1
3952,金城鉄壁の,1
3953,金鉄だ,1
3954,金鉄です,1
3955,金鉄と,1
3956,金鉄の,1
3957,苦もない,1
3958,苦美味い,1
3959,具合よく,1
3960,軍配を上げる,1
3961,恵まれる,1
3962,慧眼だ,1
3963,慧眼です,1
3964,敬服,1
3965,敬慕,1
3966,敬虔だ,1
3967,敬虔です,1
3968,敬虔と,1
3969,敬虔の,1
3970,景気が良い,1
3971,経済的だ,1
3972,経済的です,1
3973,警抜だ,1
3974,警抜です,1
3975,軽捷だ,1
3976,軽捷です,1
3977,芸がこまかい,1
3978,隙のない,1
3979,欠点はない,1
3980,潔い,1
3981,血の通う人だ,1
3982,血の通う人です,1
3983,血の通う人と,1
3984,血の通う人の,1
3985,兼ね備える,1
3986,堅忍不抜だ,1
3987,堅忍不抜です,1
3988,堅忍不抜と,1
3989,堅忍不抜の,1
3990,嫌みがない,1
3991,嫌味がない,1
3992,見やすい,1
3993,見よい,1
3994,見易い,1
3995,見込む,1
3996,見目よい,1
3997,見目良い,1
3998,見目好い,1
3999,謙抑だ,1
4000,謙抑です,1
4001,賢い,1
4002,減らせる,1
4003,言いえて妙だ,1
4004,言うことない,1
4005,言う事ない,1
4006,個性がある,1
4007,孤高だ,1
4008,孤高です,1
4009,誇らかだ,1
4010,誇らかです,1
4011,誇らしい,1
4012,誇れる,1
4013,雇うことができる,1
4014,雇うことはできる,1
4015,雇える,1
4016,効き目ある,1
4017,効果ある,1
4018,口上手だ,1
4019,口上手です,1
4020,口上手と,1
4021,口上手の,1
4022,向上する,1
4023,垢ぬける,1
4024,垢抜ける,1
4025,好い,1
4026,好ましい,1
4027,好もしい,1
4028,好意的だ,1
4029,好意的です,1
4030,好漢だ,1
4031,好漢です,1
4032,好漢と,1
4033,好漢の,1
4034,好条件だ,1
4035,好条件です,1
4036,好条件と,1
4037,好条件の,1
4038,好適だ,1
4039,好適です,1
4040,宏遠だ,1
4041,宏遠です,1
4042,宏量だ,1
4043,宏量です,1
4044,巧緻だ,1
4045,巧緻です,1
4046,巧緻と,1
4047,巧緻の,1
4048,広々,1
4049,広げることができる,1
4050,広げることはできる,1
4051,広やかだ,1
4052,広やかです,1
4053,広壮だ,1
4054,広壮です,1
4055,広壮と,1
4056,広壮の,1
4057,広大だ,1
4058,広大です,1
4059,広漠だ,1
4060,広漠です,1
4061,広漠と,1
4062,広漠の,1
4063,広量だ,1
4064,広量です,1
4065,広量と,1
4066,広量の,1
4067,広闊だ,1
4068,広闊です,1
4069,昂揚,1
4070,硬骨だ,1
4071,硬骨です,1
4072,肯定的だ,1
4073,肯定的です,1
4074,行ける,1
4075,香る,1
4076,高まる,1
4077,高める,1
4078,高雅だ,1
4079,高雅です,1
4080,高雅と,1
4081,高雅の,1
4082,高貴だ,1
4083,高貴です,1
4084,高貴と,1
4085,高貴の,1
4086,高級感のある,1
4087,高級的だ,1
4088,高級的です,1
4089,高潔だ,1
4090,高潔です,1
4091,高尚だ,1
4092,高尚です,1
4093,高水準だ,1
4094,高水準です,1
4095,高大だ,1
4096,高大です,1
4097,高名だ,1
4098,高名です,1
4099,高邁だ,1
4100,高邁です,1
4101,剛毅だ,1
4102,剛毅です,1
4103,剛毅と,1
4104,剛毅の,1
4105,剛健だ,1
4106,剛健です,1
4107,剛健と,1
4108,剛健の,1
4109,剛胆だ,1
4110,剛胆です,1
4111,剛勇だ,1
4112,剛勇です,1
4113,合う,1
4114,合わせやすい,1
4115,合格点,1
4116,合目的的だ,1
4117,合目的的です,1
4118,合理的だ,1
4119,合理的です,1
4120,豪い,1
4121,豪華万点,1
4122,豪気だ,1
4123,豪気です,1
4124,豪儀だ,1
4125,豪儀です,1
4126,豪勢だ,1
4127,豪勢です,1
4128,豪壮だ,1
4129,豪壮です,1
4130,豪胆だ,1
4131,豪胆です,1
4132,豪宕だ,1
4133,豪宕です,1
4134,豪放だ,1
4135,豪放です,1
4136,豪放と,1
4137,豪放の,1
4138,轟かせる,1
4139,腰が強い,1
4140,腰が低い,1
4141,骨太だ,1
4142,骨太です,1
4143,骨太と,1
4144,骨太の,1
4145,懇ろだ,1
4146,懇ろです,1
4147,懇篤だ,1
4148,懇篤です,1
4149,混ぜることができる,1
4150,混ぜることはできる,1
4151,差がない,1
4152,差はない,1
4153,座りやすい,1
4154,座ることができる,1
4155,座ることはできる,1
4156,最上だ,1
4157,最上です,1
4158,最上と,1
4159,最上の,1
4160,最上級だ,1
4161,最上級です,1
4162,最上級と,1
4163,最上級の,1
4164,塞ぐことができる,1
4165,塞ぐことはできる,1
4166,塞げる,1
4167,犀利だ,1
4168,犀利です,1
4169,細心だ,1
4170,細心です,1
4171,細密だ,1
4172,細密です,1
4173,細緻だ,1
4174,細緻です,1
4175,細緻と,1
4176,細緻の,1
4177,際だつ,1
4178,際立つ,1
4179,冴える,1
4180,三拍子そろう,1
4181,三拍子揃う,1
4182,燦燦だ,1
4183,燦燦です,1
4184,燦燦と,1
4185,燦燦の,1
4186,燦然,1
4187,燦爛だ,1
4188,燦爛です,1
4189,燦爛と,1
4190,燦爛の,1
4191,賛成,1
4192,賛同,1
4193,斬新だ,1
4194,斬新です,1
4195,仕合せだ,1
4196,仕合せです,1
4197,使いやすい,1
4198,使い易い,1
4199,刺激的だ,1
4200,刺激的です,1
4201,思い切りのいい,1
4202,思わしい,1
4203,旨い,1
4204,至れり尽くせり,1
4205,至高だ,1
4206,至高です,1
4207,至高と,1
4208,至高の,1
4209,至便だ,1
4210,至便です,1
4211,至便と,1
4212,至便の,1
4213,試し乗りできる,1
4214,試すことができる,1
4215,試すことはできる,1
4216,試せる,1
4217,歯牙にかけない,1
4218,事足りる,1
4219,似あわしい,1
4220,似つかわしい,1
4221,似合いだ,1
4222,似合いです,1
4223,似合いと,1
4224,似合いの,1
4225,似合しい,1
4226,慈しむ深い,1
4227,慈愛深い,1
4228,慈悲深い,1
4229,持ち運べる,1
4230,持ち歩ける,1
4231,治せる,1
4232,耳が肥えるている,1
4233,自若だ,1
4234,自若です,1
4235,自若と,1
4236,自若の,1
4237,自信たっぷりだ,1
4238,自信たっぷりです,1
4239,自信たっぷりと,1
4240,自信たっぷりの,1
4241,自信作,1
4242,自分向き,1
4243,質感がある,1
4244,質感はある,1
4245,質実剛健だ,1
4246,質実剛健です,1
4247,質実剛健と,1
4248,質実剛健の,1
4249,実直だ,1
4250,実直です,1
4251,実直と,1
4252,実直の,1
4253,実用的だ,1
4254,実用的です,1
4255,捨てることができる,1
4256,捨てることはできる,1
4257,酌み交わせる,1
4258,若々しい,1
4259,若い,1
4260,若若しい,1
4261,取り扱いやすい,1
4262,取り回しやすい,1
4263,取り消すことができる,1
4264,取り消すことはできる,1
4265,取り消せる,1
4266,取り替えることができる,1
4267,取り替えることはできる,1
4268,取ることができる,1
4269,取ることはできる,1
4270,取消せる,1
4271,守ることができる,1
4272,守ることはできる,1
4273,手がたい,1
4274,手がるい,1
4275,手ごたえがある,1
4276,手ごろだ,1
4277,手ごろです,1
4278,手っとり早い,1
4279,手っ取り早い,1
4280,手ばやい,1
4281,手びろい,1
4282,手軽い,1
4283,手堅い,1
4284,手厚い,1
4285,手広い,1
4286,手早い,1
4287,手速い,1
4288,手抜かりない,1
4289,手抜かり無い,1
4290,趣がある,1
4291,受け取ることができる,1
4292,受け取ることはできる,1
4293,秀でる,1
4294,秀悦,1
4295,秀麗だ,1
4296,秀麗です,1
4297,終えることができる,1
4298,終えることはできる,1
4299,住むことができる,1
4300,住むことはできる,1
4301,住める,1
4302,充溢,1
4303,充分だ,1
4304,充分です,1
4305,十二分に,1
4306,十分だ,1
4307,十分です,1
4308,柔かい,1
4309,柔らかだ,1
4310,柔らかです,1
4311,柔らかい,1
4312,俊敏だ,1
4313,俊敏です,1
4314,俊敏と,1
4315,俊敏の,1
4316,純良だ,1
4317,純良です,1
4318,純良と,1
4319,純良の,1
4320,順応,1
4321,庶民的だ,1
4322,庶民的です,1
4323,女らしい,1
4324,勝る,1
4325,勝れる,1
4326,奨めだ,1
4327,奨めです,1
4328,奨めと,1
4329,奨めの,1
4330,奨める,1
4331,小粋だ,1
4332,小粋です,1
4333,小ぎれいだ,1
4334,小ぎれいです,1
4335,小意気だ,1
4336,小意気です,1
4337,小器用だ,1
4338,小器用です,1
4339,小器用と,1
4340,小器用の,1
4341,小気味好い,1
4342,小気味よい,1
4343,小才の利く,1
4344,小躍りする,1
4345,床しい,1
4346,消すことができる,1
4347,消すことはできる,1
4348,消せる,1
4349,省くことができる,1
4350,省くことはできる,1
4351,省ける,1
4352,賞賛に価する,1
4353,賞嘆,1
4354,上々だ,1
4355,上々です,1
4356,上位だ,1
4357,上位です,1
4358,上位と,1
4359,上位の,1
4360,上級だ,1
4361,上級です,1
4362,上級と,1
4363,上級の,1
4364,上向く,1
4365,上根,1
4366,上手い,1
4367,上出来だ,1
4368,上出来です,1
4369,上上吉だ,1
4370,上上吉です,1
4371,上上吉と,1
4372,上上吉の,1
4373,上等だ,1
4374,上等です,1
4375,上等と,1
4376,上等の,1
4377,情が深い,1
4378,情け深い,1
4379,情深い,1
4380,拭くことができる,1
4381,拭くことはできる,1
4382,拭ける,1
4383,殖やすことができる,1
4384,殖やすことはできる,1
4385,殖やせる,1
4386,色鮮やかだ,1
4387,色鮮やかです,1
4388,色っぽい,1
4389,色気がある,1
4390,伸ばすことができる,1
4391,伸ばすことはできる,1
4392,伸ばせる,1
4393,伸びがある,1
4394,伸び伸び,1
4395,心ある,1
4396,心づよい,1
4397,心安い,1
4398,心温まる,1
4399,心掛ける,1
4400,心強い,1
4401,心丈夫だ,1
4402,心丈夫です,1
4403,心憎い,1
4404,心地良い,1
4405,心地よい,1
4406,心地好い,1
4407,心置きない,1
4408,慎ましい,1
4409,慎む深い,1
4410,新規加入できる,1
4411,深遠だ,1
4412,深遠です,1
4413,深奥だ,1
4414,深奥です,1
4415,深奥と,1
4416,深奥の,1
4417,深切だ,1
4418,深切です,1
4419,申し込むことができる,1
4420,申し込むことはできる,1
4421,申し込める,1
4422,申込むことができる,1
4423,申込むことはできる,1
4424,申込める,1
4425,真っ正直だ,1
4426,真っ正直です,1
4427,真新しい,1
4428,神々しい,1
4429,神神しい,1
4430,紳士的だ,1
4431,紳士的です,1
4432,親しい,1
4433,親しみやすい,1
4434,身が軽い,1
4435,身ぎれいだ,1
4436,身ぎれいです,1
4437,辛棒づよい,1
4438,辛抱づよい,1
4439,辛抱強い,1
4440,人あたりがいい,1
4441,人のいい,1
4442,人懐っこい,1
4443,人気がある,1
4444,人情が厚い,1
4445,人目を引く,1
4446,尋常だ,1
4447,尋常です,1
4448,水際立つ,1
4449,粋人だ,1
4450,粋人です,1
4451,粋人と,1
4452,粋人の,1
4453,酔える,1
4454,瑞々しい,1
4455,瑞瑞しい,1
4456,崇高だ,1
4457,崇高です,1
4458,数少ない,1
4459,澄んだ,1
4460,澄明だ,1
4461,澄明です,1
4462,澄明と,1
4463,澄明の,1
4464,世界最高だ,1
4465,世界最高です,1
4466,世界最高と,1
4467,世界最高の,1
4468,世話がない,1
4469,世話好きだ,1
4470,世話好きです,1
4471,世話好きと,1
4472,世話好きの,1
4473,勢いがある,1
4474,整然だ,1
4475,整然です,1
4476,整然の,1
4477,整然と,1
4478,正正堂堂だ,1
4479,正正堂堂です,1
4480,正正堂堂と,1
4481,正正堂堂の,1
4482,正善,1
4483,正統派,1
4484,清々,1
4485,清々しい,1
4486,清い,1
4487,清新だ,1
4488,清新です,1
4489,清清,1
4490,清清しい,1
4491,清爽だ,1
4492,清爽です,1
4493,清爽と,1
4494,清爽の,1
4495,清廉だ,1
4496,清廉です,1
4497,清廉潔白だ,1
4498,清廉潔白です,1
4499,清廉潔白と,1
4500,清廉潔白の,1
4501,生やさしい,1
4502,生き生き,1
4503,盛りあがる,1
4504,盛り上がる,1
4505,盛栄だ,1
4506,盛栄です,1
4507,盛栄と,1
4508,盛栄の,1
4509,精しい,1
4510,精細だだ,1
4511,精細だです,1
4512,精細だと,1
4513,精細だの,1
4514,精良だ,1
4515,精良です,1
4516,精悍だ,1
4517,精悍です,1
4518,誠意がある,1
4519,静謐だ,1
4520,静謐です,1
4521,積み込める,1
4522,積める,1
4523,積極的だ,1
4524,積極的です,1
4525,絶大だ,1
4526,絶大です,1
4527,絶品だ,1
4528,絶品です,1
4529,絶品と,1
4530,絶品の,1
4531,先鋭だ,1
4532,先鋭です,1
4533,先駆的だ,1
4534,先駆的です,1
4535,先進的だ,1
4536,先進的です,1
4537,尖鋭だ,1
4538,尖鋭です,1
4539,尖鋭と,1
4540,尖鋭の,1
4541,洗い流せる,1
4542,洗うことができる,1
4543,洗うことはできる,1
4544,洗える,1
4545,洗練された,1
4546,薦める,1
4547,選ぶことができる,1
4548,選ぶことはできる,1
4549,選べる,1
4550,鮮鋭だ,1
4551,鮮鋭です,1
4552,鮮鋭と,1
4553,鮮鋭の,1
4554,善良だ,1
4555,善良です,1
4556,善良と,1
4557,善良の,1
4558,楚々たる,1
4559,楚楚だ,1
4560,楚楚です,1
4561,楚楚と,1
4562,楚楚の,1
4563,素晴らしい,1
4564,素早い,1
4565,訴えることができる,1
4566,訴えることはできる,1
4567,壮大だ,1
4568,壮大です,1
4569,壮麗だ,1
4570,壮麗です,1
4571,掃ける,1
4572,操ることができる,1
4573,操ることはできる,1
4574,操るやすい,1
4575,相応だ,1
4576,相応です,1
4577,相応しい,1
4578,聡明,1
4579,蒼古だ,1
4580,蒼古です,1
4581,蒼古と,1
4582,蒼古の,1
4583,蒼茫だ,1
4584,蒼茫です,1
4585,蒼茫と,1
4586,蒼茫の,1
4587,走りやすい,1
4588,走り良い,1
4589,走ることができる,1
4590,走ることはできる,1
4591,増やすことができる,1
4592,増やすことはできる,1
4593,増やせる,1
4594,憎めない,1
4595,造作ない,1
4596,造作もない,1
4597,捉えることができる,1
4598,捉えることはできる,1
4599,存在感のある,1
4600,尊い,1
4601,尊大だ,1
4602,尊大です,1
4603,損はない,1
4604,多才だ,1
4605,多才です,1
4606,多才と,1
4607,多才の,1
4608,多士済々だ,1
4609,多士済々です,1
4610,多士済々と,1
4611,多士済々の,1
4612,多能だ,1
4613,多能です,1
4614,多能と,1
4615,多能の,1
4616,多望だ,1
4617,多望です,1
4618,泰山北斗だ,1
4619,泰山北斗です,1
4620,泰山北斗と,1
4621,泰山北斗の,1
4622,泰然自若だ,1
4623,泰然自若です,1
4624,泰然自若と,1
4625,泰然自若の,1
4626,大満足,1
4627,大いなる,1
4628,大業だ,1
4629,大業です,1
4630,大業と,1
4631,大業の,1
4632,大人っぽい,1
4633,大人しい,1
4634,鷹揚だ,1
4635,鷹揚です,1
4636,卓越,1
4637,卓出,1
4638,卓絶,1
4639,単簡だ,1
4640,単簡です,1
4641,単簡と,1
4642,単簡の,1
4643,単品買いできる,1
4644,探すことができる,1
4645,探すことはできる,1
4646,探せる,1
4647,端正だ,1
4648,端正です,1
4649,端麗だ,1
4650,端麗です,1
4651,胆が太い,1
4652,暖かだ,1
4653,暖かです,1
4654,暖かい,1
4655,暖まる,1
4656,男々しい,1
4657,男らしい,1
4658,男性的だ,1
4659,男性的です,1
4660,値する,1
4661,知る人ぞ知る,1
4662,知性的だ,1
4663,知性的です,1
4664,稚い,1
4665,着くことができる,1
4666,着くことはできる,1
4667,注げる,1
4668,張りのある,1
4669,眺めることができる,1
4670,眺めることはできる,1
4671,調子がいい,1
4672,超越,1
4673,超凡だ,1
4674,超凡です,1
4675,超凡と,1
4676,超凡の,1
4677,長ける,1
4678,沈毅だ,1
4679,沈毅です,1
4680,珍しい,1
4681,追加購入できる,1
4682,通うことができる,1
4683,通うことはできる,1
4684,通える,1
4685,通りがいい,1
4686,釣り合う,1
4687,釣合う,1
4688,停めることができる,1
4689,停めることはできる,1
4690,定かだ,1
4691,定かです,1
4692,定評ある,1
4693,程よい,1
4694,諦めのいい,1
4695,諦められる,1
4696,鄭重だ,1
4697,鄭重です,1
4698,鄭重と,1
4699,鄭重の,1
4700,擢んでる,1
4701,敵ない,1
4702,敵無い,1
4703,適している,1
4704,適する,1
4705,適応,1
4706,適格だ,1
4707,適格です,1
4708,適格と,1
4709,適格の,1
4710,適宜だ,1
4711,適宜です,1
4712,典雅だ,1
4713,典雅です,1
4714,天空海闊だ,1
4715,天空海闊です,1
4716,天空海闊と,1
4717,天空海闊の,1
4718,渡ることができる,1
4719,渡ることはできる,1
4720,登ることができる,1
4721,登ることはできる,1
4722,都雅だ,1
4723,都雅です,1
4724,都会的だ,1
4725,都会的です,1
4726,陶然だ,1
4727,陶然です,1
4728,陶然と,1
4729,陶然の,1
4730,頭が下がる,1
4731,頭が低い,1
4732,堂々だ,1
4733,堂々です,1
4734,堂々と,1
4735,堂々の,1
4736,堂々たる,1
4737,堂堂だ,1
4738,堂堂です,1
4739,堂堂と,1
4740,堂堂の,1
4741,得意満面だ,1
4742,得意満面です,1
4743,得意満面と,1
4744,得意満面の,1
4745,得難い,1
4746,特別だ,1
4747,特別です,1
4748,篤い,1
4749,篤実だ,1
4750,篤実です,1
4751,独創,1
4752,独創的だ,1
4753,独創的です,1
4754,独特だ,1
4755,独特です,1
4756,馴染む,1
4757,馴染める,1
4758,軟かい,1
4759,軟らかだ,1
4760,軟らかです,1
4761,軟らかい,1
4762,難がない,1
4763,賑わしい,1
4764,入りやすい,1
4765,入ることができる,1
4766,入ることはできる,1
4767,入魂だ,1
4768,入魂です,1
4769,入魂と,1
4770,入魂の,1
4771,如才がない,1
4772,如才ない,1
4773,任せることができる,1
4774,任せることはできる,1
4775,認める,1
4776,熱望,1
4777,熱烈だ,1
4778,熱烈です,1
4779,燃やすことができる,1
4780,燃やすことはできる,1
4781,燃やせる,1
4782,粘り強い,1
4783,濃やかだ,1
4784,濃やかです,1
4785,濃密だ,1
4786,濃密です,1
4787,納まる,1
4788,能ある鷹はつめをかくす,1
4789,能ある鷹は爪を隠す,1
4790,能力がある,1
4791,覗ける,1
4792,派手やかだ,1
4793,派手やかです,1
4794,破竹の勢いだ,1
4795,破竹の勢いです,1
4796,破竹の勢いと,1
4797,破竹の勢いの,1
4798,馬力がある,1
4799,廃りがない,1
4800,買い得だ,1
4801,買い得です,1
4802,買い得と,1
4803,買い得の,1
4804,売れている,1
4805,剥がせる,1
4806,剥がすことができる,1
4807,剥がすことはできる,1
4808,剥くことができる,1
4809,剥くことはできる,1
4810,剥せる,1
4811,白眉だ,1
4812,白眉です,1
4813,白眉と,1
4814,白眉の,1
4815,迫力がある,1
4816,抜きんでる,1
4817,抜け目がない,1
4818,抜け目が無い,1
4819,抜け目ない,1
4820,抜け目無い,1
4821,盤石だ,1
4822,盤石です,1
4823,盤石と,1
4824,盤石の,1
4825,比べることができる,1
4826,比べることはできる,1
4827,疲れない,1
4828,疲れ知らず,1
4829,非の打ち所がありません,1
4830,非の打ち所がない,1
4831,非の打ち所が無い,1
4832,非の打ち所ない,1
4833,飛び抜ける,1
4834,備わる,1
4835,微笑ましい,1
4836,美々しい,1
4837,美しい,1
4838,美事だ,1
4839,美事です,1
4840,美事と,1
4841,美事の,1
4842,美味い,1
4843,美味しい,1
4844,鼻が高い,1
4845,百花繚乱だ,1
4846,百花繚乱です,1
4847,百花繚乱と,1
4848,百花繚乱の,1
4849,百戦錬磨だ,1
4850,百戦錬磨です,1
4851,百戦錬磨と,1
4852,百戦錬磨の,1
4853,品がある,1
4854,品がよい,1
4855,品行方正だ,1
4856,品行方正です,1
4857,品行方正と,1
4858,品行方正の,1
4859,敏い,1
4860,敏活だ,1
4861,敏活です,1
4862,不抜だ,1
4863,不抜です,1
4864,不抜と,1
4865,不抜の,1
4866,不撓だ,1
4867,不撓です,1
4868,不撓と,1
4869,不撓の,1
4870,富有だ,1
4871,富有です,1
4872,富有と,1
4873,富有の,1
4874,富裕だ,1
4875,富裕です,1
4876,風雅だ,1
4877,風雅です,1
4878,風流人,1
4879,風靡,1
4880,幅利きだ,1
4881,幅利きです,1
4882,幅利きと,1
4883,幅利きの,1
4884,福福しい,1
4885,腹が太い,1
4886,腹のすわるた,1
4887,腹太,1
4888,沸すことができる,1
4889,沸すことはできる,1
4890,沸かせる,1
4891,沸かすことができる,1
4892,沸かすことはできる,1
4893,物わかりが良い,1
4894,物わかりのよい,1
4895,物堅い,1
4896,物知りだ,1
4897,物知りです,1
4898,物知りと,1
4899,物知りの,1
4900,分がある,1
4901,分がいい,1
4902,分かるやすい,1
4903,分相応だ,1
4904,分相応です,1
4905,聞くするにまさる,1
4906,平滑だ,1
4907,平滑です,1
4908,平滑と,1
4909,平滑の,1
4910,平気の平左だ,1
4911,平気の平左です,1
4912,平気の平左と,1
4913,平気の平左の,1
4914,平均点以上,1
4915,平然だ,1
4916,平然です,1
4917,平然の,1
4918,平然たる,1
4919,平然と,1
4920,並外れる,1
4921,癖がない,1
4922,別格だ,1
4923,別格です,1
4924,別格と,1
4925,別格の,1
4926,別懇だ,1
4927,別懇です,1
4928,別嬪だ,1
4929,別嬪です,1
4930,別嬪と,1
4931,別嬪の,1
4932,補うことができる,1
4933,補うことはできる,1
4934,補える,1
4935,慕わしい,1
4936,崩れにくい,1
4937,方正だ,1
4938,方正です,1
4939,芳しい,1
4940,豊潤だ,1
4941,豊潤です,1
4942,豊潤と,1
4943,豊潤の,1
4944,豊満だ,1
4945,豊満です,1
4946,飽きがこない,1
4947,飽きのこない,1
4948,飽き足りる,1
4949,望ましい,1
4950,望む,1
4951,防ぐ,1
4952,防ぐことができる,1
4953,防ぐことはできる,1
4954,防げる,1
4955,睦まじい,1
4956,磨くことができる,1
4957,磨くことはできる,1
4958,磨ける,1
4959,末たのもしい,1
4960,末頼もしい,1
4961,万鈞だ,1
4962,万鈞です,1
4963,万鈞と,1
4964,万鈞の,1
4965,満すことができる,1
4966,満すことはできる,1
4967,満たせる,1
4968,満ちた,1
4969,満ち溢れる,1
4970,満ち足りる,1
4971,満足,1
4972,満足する,1
4973,味がある,1
4974,味わい深い,1
4975,味わえる,1
4976,魅する,1
4977,魅せる,1
4978,魅力がある,1
4979,魅力的だ,1
4980,魅力的です,1
4981,魅惑的だ,1
4982,魅惑的です,1
4983,脈がある,1
4984,夢ごこち,1
4985,夢心地だ,1
4986,夢心地です,1
4987,夢心地と,1
4988,夢心地の,1
4989,無尽蔵だ,1
4990,無尽蔵です,1
4991,無疵だ,1
4992,無疵です,1
4993,名のある,1
4994,名の通った,1
4995,名機,1
4996,名うての,1
4997,名だたる,1
4998,名高い,1
4999,名車だ,1
5000,名車です,1
5001,名車と,1
5002,名車の,1
5003,名誉だ,1
5004,明けっ広げだ,1
5005,明けっ広げです,1
5006,明けっ広げと,1
5007,明けっ広げの,1
5008,明りょうだ,1
5009,明りょうです,1
5010,明るい,1
5011,明達だ,1
5012,明達です,1
5013,明達と,1
5014,明達の,1
5015,明哲だ,1
5016,明哲です,1
5017,明哲と,1
5018,明哲の,1
5019,明敏,1
5020,明敏だ,1
5021,明敏です,1
5022,鳴らせる,1
5023,鳴らすことができる,1
5024,鳴らすことはできる,1
5025,面白おかしい,1
5026,面白可笑しい,1
5027,面白い,1
5028,猛勇だ,1
5029,猛勇です,1
5030,猛勇と,1
5031,猛勇の,1
5032,儲けることができる,1
5033,儲けることはできる,1
5034,目が高い,1
5035,目の中へいれるても痛いない,1
5036,目を見張る,1
5037,目を奪う,1
5038,目映い,1
5039,目指すことができる,1
5040,目指すことはできる,1
5041,目指せる,1
5042,目出度い,1
5043,目新しい,1
5044,目抜きだ,1
5045,目抜きです,1
5046,目抜きと,1
5047,目抜きの,1
5048,目立つ,1
5049,問題ない,1
5050,役だつ,1
5051,役に立つ,1
5052,役立つ,1
5053,訳無い,1
5054,愉しい,1
5055,癒す,1
5056,優れる,1
5057,優れるた,1
5058,優生だ,1
5059,優生です,1
5060,優生と,1
5061,優生の,1
5062,優先的だ,1
5063,優先的です,1
5064,優等生だ,1
5065,優等生です,1
5066,優等生と,1
5067,優等生の,1
5068,優等生的だ,1
5069,優等生的です,1
5070,優良だ,1
5071,優良です,1
5072,優良と,1
5073,優良の,1
5074,優婉だ,1
5075,優婉です,1
5076,勇ましい,1
5077,勇壮だ,1
5078,勇壮です,1
5079,勇壮と,1
5080,勇壮の,1
5081,悠然だ,1
5082,悠然です,1
5083,悠然の,1
5084,悠然と,1
5085,悠長だ,1
5086,悠長です,1
5087,悠悠だ,1
5088,悠悠です,1
5089,悠悠と,1
5090,悠悠の,1
5091,有り難い,1
5092,有り余る,1
5093,有難い,1
5094,有能だ,1
5095,有能です,1
5096,有能と,1
5097,有能の,1
5098,遊ぶことができる,1
5099,遊ぶことはできる,1
5100,遊べる,1
5101,雄々しい,1
5102,雄偉だ,1
5103,雄偉です,1
5104,雄偉と,1
5105,雄偉の,1
5106,雄雄しい,1
5107,雄勁だ,1
5108,雄勁です,1
5109,雄勁と,1
5110,雄勁の,1
5111,雄渾だ,1
5112,雄渾です,1
5113,余裕がある,1
5114,余裕はある,1
5115,余裕綽綽だ,1
5116,余裕綽綽です,1
5117,余裕綽綽と,1
5118,余裕綽綽の,1
5119,誉める讃える,1
5120,預けることができる,1
5121,預けることはできる,1
5122,幼けない,1
5123,妖艶だ,1
5124,妖艶です,1
5125,容易い,1
5126,揺るぎない,1
5127,溶かせる,1
5128,用いることができる,1
5129,用いることはできる,1
5130,用意周到だ,1
5131,用意周到です,1
5132,欲のない,1
5133,欲張るない,1
5134,浴びることができる,1
5135,浴びることはできる,1
5136,頼もしい,1
5137,落ち着き払った,1
5138,利く,1
5139,利す,1
5140,利口だ,1
5141,利口です,1
5142,利口と,1
5143,利口の,1
5144,理性的だ,1
5145,理性的です,1
5146,理想通り,1
5147,理想的だ,1
5148,理想的です,1
5149,裏切るない,1
5150,律儀だ,1
5151,律儀です,1
5152,律儀と,1
5153,律儀の,1
5154,流すことができる,1
5155,流すことはできる,1
5156,流せる,1
5157,流行,1
5158,流行る,1
5159,流石,1
5160,流石だ,1
5161,流石です,1
5162,流用できる,1
5163,流麗だ,1
5164,流麗です,1
5165,溜飲が下がる,1
5166,粒ぞろいだ,1
5167,粒ぞろいです,1
5168,粒ぞろいと,1
5169,粒ぞろいの,1
5170,凌ぐ,1
5171,凌駕,1
5172,涼しい,1
5173,涼やかだ,1
5174,涼やかです,1
5175,良い,1
5176,良いなる,1
5177,良識的だ,1
5178,良識的です,1
5179,良心的だ,1
5180,良心的です,1
5181,力強い,1
5182,力持ちだ,1
5183,力持ちです,1
5184,力持ちと,1
5185,力持ちの,1
5186,涙ぐましい,1
5187,冷やすことができる,1
5188,冷やすことはできる,1
5189,冷やせる,1
5190,怜悧だ,1
5191,怜悧です,1
5192,玲瓏だ,1
5193,玲瓏です,1
5194,玲瓏と,1
5195,玲瓏の,1
5196,麗しい,1
5197,歴々だ,1
5198,歴々です,1
5199,歴々と,1
5200,歴々の,1
5201,歴然たる,1
5202,廉潔だ,1
5203,廉潔です,1
5204,廉潔と,1
5205,廉潔の,1
5206,廉直だ,1
5207,廉直です,1
5208,朗らかだ,1
5209,朗らかです,1
5210,和らぐ,1
5211,和らげる,1
5212,話す上手だ,1
5213,話す上手です,1
5214,腕が立つ,1
5215,腕に覚えるのある,1
5216,腕ききだ,1
5217,腕ききです,1
5218,腕ききと,1
5219,腕ききの,1
5220,凛々しい,1
5221,凛と,1
5222,凛乎だ,1
5223,凛乎です,1
5224,凛乎と,1
5225,凛乎の,1
5226,凛然だ,1
5227,凛然です,1
5228,凛然と,1
5229,凛然の,1
5230,凛凛だ,1
5231,凛凛です,1
5232,凛凛と,1
5233,凛凛の,1
5234,剴切だ,1
5235,剴切です,1
5236,屁の河童だ,1
5237,屁の河童です,1
5238,屁の河童と,1
5239,屁の河童の,1
5240,慥かだ,1
5241,慥かです,1
5242,昵懇だ,1
5243,昵懇です,1
5244,昵懇と,1
5245,昵懇の,1
5246,洒々落々だ,1
5247,洒々落々です,1
5248,洒々落々と,1
5249,洒々落々の,1
5250,洒落る,1
5251,瀟洒だ,1
5252,瀟洒です,1
5253,炯眼だ,1
5254,炯眼です,1
5255,煌煌だ,1
5256,煌煌です,1
5257,煌煌と,1
5258,煌煌の,1
5259,爛漫だ,1
5260,爛漫です,1
5261,爛漫と,1
5262,爛漫の,1
5263,甦生,1
5264,痒いところに手がとどく,1
5265,薔薇色だ,1
5266,薔薇色です,1
5267,薔薇色と,1
5268,薔薇色の,1
5269,讚える,1
5270,逞しい,1
5271,鑽仰,1
5272,闊達だ,1
5273,闊達です,1
5274,鞏固だ,1
5275,鞏固です,1
5276,颯爽だ,1
5277,颯爽です,1
5278,颯爽と,1
5279,颯爽の,1
